selfies,token_count,valid,smiles,canonical_smiles,logp,mw,heavy_atoms,rings,aromatic_rings,hbd,hba,rot_bonds,qed,lipinski,token_retention
[C][C][=C][C][=C][C][Branch2][Ring1][O][N][C][=Branch1][C][=O][C][=Branch1][C][=O][C][=C][C][=C][C][=C][Ring1][=Branch1][N][C][C][C][C][C][C][Ring1][=Branch1][C][=C][Ring2][Ring1][=Branch2],40,True,CC1=CC=CC(NC(=O)C(=O)C2=CC=CC=C2NC3CCCCC3)C=C1,CC1=CC=CC(NC(=O)C(=O)c2ccccc2NC2CCCCC2)C=C1,4.171,350.46,26,3,1,2,3,5,0.619,True,1.0
[C][C][=C][C][=C][Branch2][Ring1][S][C][=Branch1][C][=O][N][C][C][N][C][=Branch1][C][=O][C][=C][C][=C][Branch1][=Branch2][C][=C][C][=C][C][=C][Ring1][=Branch1][C][=C][Ring1][N][C][=C][Ring2][Ring1][#Branch2],43,True,CC1=CC=C(C(=O)NCCNC(=O)C2=CC=C(C3=CC=CC=C3)C=C2C)C1,CC1=CC=C(C(=O)NCCNC(=O)c2ccc(-c3ccccc3)cc2C)C1,3.784,360.46,27,3,2,2,2,6,0.77,True,1.0
[C][O][C][=C][C][=C][Branch2][Ring1][P][C][=Branch1][C][=O][N][C][=Branch1][C][=O][N][C][C][=C][C][=C][C][=C][Ring1][=Branch1][O][C][C][C][C][C][C][O][Ring1][=Branch1][C][=C][Ring2][Ring1][#Branch2],43,True,C1OC=CC=C1C(=O)NC(=O)NCC2=CC=CC=C2OCC3CCCCO3,O=C(NCc1ccccc1OCC1CCCCO1)NC(=O)C1=CC=COC1,2.431,372.42,27,3,1,2,5,6,0.801,True,0.884
[C][C][C][C][=C][C][Branch2][Ring1][=N][C][C][=Branch1][C][=O][N][Branch1][C][C][C][C][N][Branch1][#Branch2][C][=C][C][=C][C][=C][Ring1][=Branch1][F][C][C][Ring1][=C][=N][O][Ring2][Ring1][=Branch1],41,True,CCCC1=CC(CC(=O)N(C)CCN(C2=CC=CC=C2F)CC=N)O1,CCCC1=CC(CC(=O)N(C)CCN(CC=N)c2ccccc2F)O1,3.213,347.43,25,2,1,1,4,10,0.661,True,0.951
[C][O][C][=C][C][=C][Branch2][Ring1][#Branch2][C][N][C][=Branch1][C][=O][C][=Branch1][C][=O][N][Branch1][C][C][S][C][Branch1][C][C][=N][C][=Ring1][Branch2][C][C][Ring1][C][C][=C][Ring2][Ring1][Branch2],41,True,COC=CC#CCNC(=O)C(=O)N(C)SC(C)=NCCC,CCCN=C(C)SN(C)C(=O)C(=O)NCC#CC=COC,1.201,311.41,21,0,0,1,5,4,0.211,True,0.707
[C][C][=C][C][=C][Branch2][Ring1][N][C][N][C][=Branch1][C][=O][C][S][C][=N][N][Branch1][=Branch2][C][=C][C][=C][C][=C][Ring1][=Branch1][C][=Ring1][O][C][Branch1][Ring1][O][C][=C][Ring2][Ring1][Branch2],41,True,CC1=CC=C(CNC(=O)CS=2C=NN(C3=CC=CC=C3)C=2COC)C1,COCC1=S(CC(=O)NCC2=CC=C(C)C2)C=NN1c1ccccc1,2.888,357.48,25,3,1,1,4,7,0.764,True,0.927
[C][C][=C][C][=C][Branch2][Ring1][#C][C][=Branch1][C][=O][N][C][C][C][C][N][Branch1][=N][C][=Branch1][C][=O][N][C][C][C][C][O][Ring1][=Branch1][C][C][Ring1][=C][C][Branch1][Ring1][O][C][=C][Ring2][Ring1][=Branch2],45,True,CC=C1C=C(C(=O)NCC2CCN(C(=O)N3CCCCO3)CC2COC)C1,CC=C1C=C(C(=O)NCC2CCN(C(=O)N3CCCCO3)CC2COC)C1,2.111,377.49,27,3,0,1,4,5,0.797,True,0.956
[C][C][Branch1][C][C][NH1+1][C][C][C][Branch2][Ring1][#Branch1][N][C][=Branch1][C][=O][N][C@@H1][Branch1][C][C][C][=C][C][=C][Branch1][C][F][C][=C][Ring1][#Branch1][C][C][Ring2][Ring1][C],38,True,CC(C)[NH1+1]C1CC(NC(=O)N[C@@H1](C)C2=CC=C(F)C=C2C)C1,Cc1cc(F)ccc1[C@H](C)NC(=O)NC1CC([NH+]C(C)C)C1,1.783,307.41,22,2,1,3,2,5,0.763,True,0.947
[C][=C][C][=C][Branch2][Ring1][#Branch2][N][C][=Branch1][C][=O][C][C][C][NH1+1][Branch1][O][C][C][=C][C][=C][C][=C][Ring1][=Branch1][F][C][C][Ring1][=N][C][=C][Ring2][Ring1][#Branch1],37,True,C1=CC=C(NC(=O)CC2C[NH1+1](CC3=CC=CC=C3F)CC2)C=C1,O=C(CC1CC[NH+](Cc2ccccc2F)C1)Nc1ccccc1,2.259,313.4,23,3,2,2,1,5,0.872,True,0.919
[C][C][=C][C][=C][Branch2][Ring1][#C][C][N][C][C][N][Branch2][Ring1][C][C][=Branch1][C][=O][C][C@H1][Branch1][C][O][C][=C][C][=C][C][=C][Ring1][=Branch1][C][C][Ring1][P][C][=C][Ring2][Ring1][=Branch2],42,True,C1C=CC=C(CN2CCN(C(=O)C[C@H1](O)C3=CC=CC=C3)CC2C)C1,CC1CN(C(=O)C[C@H](O)c2ccccc2)CCN1CC1=CC=CCC1,2.919,340.47,25,3,1,1,3,5,0.896,True,0.905
[C][O][C][=C][C][=C][Branch2][Ring1][N][C][=Branch1][C][=O][N][C][C][C][C@@H1][Branch1][#C][C][N][C][=Branch1][C][=O][N][C][Branch1][C][C][C][C][C][Ring1][=N][C][=C][Ring2][Ring1][=Branch1],41,True,C1OC=C2C=C(C(=O)NCCC[C@@H1]1CNC(=O)NC(C)CCC)C=C2,CCCC(C)NC(=O)NC[C@H]1CCCNC(=O)C2=CC(=COC1)C=C2,2.397,347.46,25,2,0,3,3,5,0.714,True,0.902
[C][C][=C][C][=C][Branch2][Ring1][=N][C][C][N][C][=Branch1][C][=O][N][C][C][N][Branch1][N][C][=Branch1][C][=O][C][=C][C][=C][O][Ring1][Branch1][C][C][Ring1][=N][C][=C][Ring2][Ring1][=Branch2],41,True,C1C=CC=C(CCNC(=O)N2CCN(C(=O)C3=CC=CO3)CC2)C=C1,O=C(NCCC1=CC=CCC=C1)N1CCN(C(=O)c2ccco2)CC1,2.58,341.41,25,3,1,1,3,4,0.915,True,0.902
[C][C][=C][C][=C][Branch2][Ring1][=Branch2][C@@H1][Branch1][C][C][N][C][=Branch1][C][=O][N][C][C@@H1][C][=C][C][=C][C][=C][Ring1][=Branch1][C][Ring1][=Branch2][C][C][=C][Ring2][Ring1][=Branch1],37,True,CC1=CC=C([C@@H1](C)NC(=O)NC2[C@@H1]C3=CC=CC=C3C2C)C=C1,Cc1ccc([C@@H](C)NC(=O)NC2[CH]c3ccccc3C2C)cc1,4.094,307.42,23,3,2,2,1,3,0.881,True,1.0
[C][O][C][=C][C][=C][Branch2][Ring1][=N][N][C][=Branch1][C][=O][C@H1][Branch1][C][C][C@@H1][Branch1][C][C][N][C][=Branch1][C][=O][C][=C][C][=C][C][=C][Ring1][=Branch1][C][=C][Ring2][Ring1][=Branch1][F],41,True,C1OC=CC=C1NC(=O)[C@H1](C)[C@@H1](C)NC(=O)C2=CC=CC=C2C=C,C=Cc1ccccc1C(=O)N[C@H](C)[C@@H](C)C(=O)NC1=CC=COC1,2.628,326.4,24,2,1,2,3,6,0.844,True,0.878
[C][O][C][=C][C][=C][Branch2][Ring1][N][C][=Branch1][C][=O][N][C][C][S][=Branch1][C][=O][=Branch1][C][=O][C][N][Branch1][C][C][C][=C][C][=C][C][=C][Ring1][=Branch1][C][=C][Ring2][Ring1][Branch2],41,True,COC=CC=C(C(=O)NCCS(=O)(=O)CN(C)C1=CC=CC=C1)C=C,C=CC(=CC=COC)C(=O)NCCS(=O)(=O)CN(C)c1ccccc1,1.884,364.47,25,1,1,1,5,10,0.39,True,0.902
[C][C][=C][C][=C][Branch2][Ring1][=N][C][=Branch1][C][=O][N][C][C][NH1+1][Branch1][S][C][C][C][=C][C][Branch1][C][F][=C][C][=C][Ring1][#Branch1][F][C][C][Ring1][S][C][=C][Ring2][Ring1][Branch2],41,True,C1C=CC=C(C(=O)NCC[NH1+1](CCC2=CC(F)=CC=C2F)C)C=C1,C[NH+](CCNC(=O)C1=CC=CCC=C1)CCc1cc(F)ccc1F,1.581,333.4,24,2,1,2,1,7,0.78,True,0.829
[C][O][C][=C][C][=C][Branch2][Ring1][#C][C][C][=Branch1][C][=O][N][C@@H1][C][C][C][Branch1][=N][C][=Branch1][C][=O][N][Branch1][C][C][C][C][C][C][Branch1][C][C][Ring1][=N][C][=C][Ring2][Ring1][=Branch2],43,True,C1OC=CC=C(CC(=O)N[C@@H1]CCC(C(=O)N(C)CCCC)C)C1,CCCCN(C)C(=O)C(C)CC[CH]NC(=O)CC1=CC=COCC1,3.19,335.47,24,1,0,1,3,10,0.624,True,0.791
[C][C][O][C][=C][C][Branch2][Ring1][#Branch2][N][C][=Branch1][C][=O][C@H1][C][C][C][N][Ring1][Branch1][C][=Branch1][C][=O][C][C][C][C][C][O][Ring1][=Branch1][C][=C][Ring2][Ring1][#Branch1][Cl],39,True,C1COC=CC(NC(=O)[C@H1]2CCCN2C(=O)C3CCCCO3)=C1Cl,O=C(NC1=C(Cl)CCOC=C1)[C@H]1CCCN1C(=O)C1CCCCO1,2.047,354.83,24,3,0,1,4,3,0.842,True,0.923
[C][C][=C][C][=C][C][Branch2][Ring1][N][N][C][=Branch1][C][=O][C][=Branch1][C][=O][N][C][C][N][Branch1][=Branch2][C][=N][C][=C][C][=C][Ring1][=Branch1][C][C][Ring1][N][C][=C][Ring2][Ring1][=Branch2],41,True,C1C=CC=CC(NC(=O)C(=O)N2CCN(C3=NC=CC=C3)CC2)C=C1,O=C(NC1C=CC=CCC=C1)C(=O)N1CCN(c2ccccn2)CC1,1.287,338.41,25,3,1,1,4,2,0.652,True,0.902
[C][#C][C][=C][C][=C][Branch2][Ring1][=N][N][C][=Branch1][C][=O][C][=Branch1][C][=O][N][C][C][C][N][Branch1][#Branch2][C][C@@H1][Branch1][C][C][C][Ring1][C][C][Ring1][N][C][=C][Ring2][Ring1][#Branch1],41,True,C1#CC=CC2=C(NC(=O)C(=O)NCCCN2C[C@@H1](C3)C3C)C1,CC1C[C@@H]1CN1CCCNC(=O)C(=O)NC2=C1C=CC#CC2,0.755,299.37,22,3,0,2,3,2,0.584,True,0.78
[C][C][=C][C][=C][Branch2][Ring1][=C][C][=Branch1][C][=O][N][C][C][C][=Branch1][C][=O][N][C][C][C][N][Branch1][#Branch2][C][=N][C][=N][C][=C][Ring1][=Branch1][C][C][Ring1][N][C][=C][Ring2][Ring1][=Branch2],43,True,CC=C1C=C(C(=O)NCCC(=O)NC2CCN(C3=NC=NC=C3C)C2)C=C1,CC=C1C=CC(C(=O)NCCC(=O)NC2CCN(c3ncncc3C)C2)=C1,1.429,367.45,27,3,1,2,5,6,0.794,True,1.0
[C][C][=C][C][=C][Branch2][Ring1][#C][C][C@H1][Branch1][C][C][N][C][=Branch1][C][=O][C][=C][C][=C][C][=C][Ring1][=Branch1][C][=Branch1][C][=O][N][C][C][C][C][Ring1][Branch1][C][=C][Ring2][Ring1][=Branch2],42,True,CC1=CC=C(C[C@H1](C)NC(=O)C2=CC=CC=C2C(=O)N3CCCC3C)C1,CC1=CC=C(C[C@H](C)NC(=O)c2ccccc2C(=O)N2CCCC2C)C1,4.096,352.48,26,3,1,1,2,5,0.867,True,1.0
[C][C][=C][C][=C][C][Branch2][Ring1][N][N][C][=Branch1][C][=O][N][C@@H1][C][C][C][N][Branch1][#Branch2][C][=N][C][=C][C][=C][Ring1][=Branch1][F][C][C][Ring1][=N][=O][=C][Ring2][Ring1][#Branch1],40,True,CC=CC1=CC(NC(=O)N[C@@H1]C2CCN(C3=NC=CC=C3F)CC2=O)=C1,CC=CC1=CC(NC(=O)N[CH]C2CCN(c3ncccc3F)CC2=O)=C1,2.477,355.39,26,3,1,2,4,5,0.851,True,1.0
[C][C][=C][C][=C][Branch2][Ring1][=Branch2][C][=Branch1][C][=O][C][N][C][=Branch1][C][=O][C][C][=C][C][=C][Branch1][C][F][C][=C][Ring1][#Branch1][N][C][Branch1][C][C][C][=C][Ring2][Ring1][=Branch1],40,True,CC=CC1=C(C(=O)CNC(=O)CC2=CC=C(F)C=C2NC)CCC=C1,CC=CC1=C(C(=O)CNC(=O)Cc2ccc(F)cc2NC)CCC=C1,3.318,342.41,25,2,1,2,3,7,0.799,True,0.975
[C][C][=C][C][=C][Branch2][Ring1][N][C@@H1][Branch1][C][C][C][=Branch1][C][=O][N][C][C][C][Branch1][O][C][NH1+1][C][C][C][C][C][Ring1][Branch1][C][C][Ring1][O][C][=C][Ring2][Ring1][#Branch1],40,True,CC1=CC=C([C@@H1](C)C(=O)NCC2C(C[NH1+1]C3CCCC3C)C2)C=C1,Cc1ccc([C@@H](C)C(=O)NCC2CC2C[NH+]C2CCCC2C)cc1,2.389,328.5,24,3,1,2,2,7,0.793,True,0.95
[C][O][C][=C][C][=C][Branch2][Ring1][=N][C][C][=Branch1][C][=O][N][C][C][C][N][Branch1][=N][C][=Branch1][C][=O][C@H1][C][C][C][C][Ring1][Branch1][C][C][Ring1][N][C][=C][Ring2][Ring1][#Branch1],41,True,COC1=CC=C(CC(=O)NCC2CN(C(=O)[C@H1]3CCCC3C)C2C)C1,COC1=CC=C(CC(=O)NCC2CN(C(=O)[C@H]3CCCC3C)C2C)C1,2.636,346.47,25,3,0,1,3,6,0.804,True,1.0
[C][C][=C][C][=C][Branch2][Ring1][#Branch2][N][C][=Branch1][C][=O][C][C@H1][Branch1][C][C][S][=Branch1][C][=O][=Branch1][C][=O][C][=C][C][=C][C][=C][Ring1][=Branch1][C][=C][Ring2][Ring1][Branch1],38,True,CC1=CC=C(NC(=O)C[C@H1](C)S(=O)(=O)C2=CC=CC=C2)C=C1,Cc1ccc(NC(=O)C[C@H](C)S(=O)(=O)c2ccccc2)cc1,3.186,317.41,22,2,2,1,3,5,0.921,True,1.0
[C][C][=C][C][=C][Branch2][Ring1][=C][C][=Branch1][C][=O][N][C][C][N][Branch1][=N][C][=Branch1][C][=O][C][=C][C][=C][C][=C][Ring1][=Branch1][O][C][C][Ring1][=N][N][C][=C][Ring2][Ring1][#Branch1],41,True,CC=C1C=C(C(=O)NCC2N(C(=O)C3=CC=CC=C3)OCC2NC)C1,CC=C1C=C(C(=O)NCC2C(NC)CON2C(=O)c2ccccc2)C1,1.423,341.41,25,3,1,2,4,5,0.85,True,1.0
[C][C][=C][C][=C][Branch2][Ring1][#Branch2][C][N][C][=Branch1][C][=O][N][C][C][C][C@@H1][Branch1][=Branch2][NH1+1][C][C][C][C][Ring1][Branch1][C][C][Ring1][N][C][=C][Ring2][Ring1][=Branch1][O],38,True,CC1=CC=C(CNC(=O)N2CCC[C@@H1]([NH1+1]3CCCC3C)C2C)C1O,CC1=CC=C(CNC(=O)N2CCC[C@@H]([NH+]3CCCC3C)C2C)C1O,0.863,334.48,24,3,0,3,2,3,0.717,True,1.0
[C][C][=C][C][=C][C][Branch2][Ring1][=N][C][=Branch1][C][=O][N][C][C][C][=Branch1][C][=O][N][Branch1][#Branch2][C][=C][C][=C][C][=C][Ring1][=Branch1][F][C][C][Ring1][=N][C][=C][Ring2][Ring1][#Branch1],41,True,CC=C1C=CC(C(=O)NCC2C(=O)N(C3=CC=CC=C3F)CC2C)=C1,CC=C1C=CC(C(=O)NCC2C(=O)N(c3ccccc3F)CC2C)=C1,2.983,340.4,25,3,1,1,2,4,0.916,True,1.0
[C][C][=C][C][=C][Branch2][Ring1][=C][C][=Branch1][C][=O][N][C][C][C][C@H1][Branch1][=C][C][=Branch1][C][=O][N][C][C][C][C][Ring1][Ring1][Ring2][C][C][C][Ring1][=C][C][=C][Ring2][Ring1][#Branch1],41,True,C1C=CC=C(C(=O)NCCC[C@H1](C(=O)NCC2C=C2)CC)C1,CC[C@H](CCCNC(=O)C1=CC=CCC1)C(=O)NCC1C=C1,2.488,302.42,22,2,0,2,2,9,0.508,True,0.78
[C][C][=Branch1][C][=O][N][C][=C][C][=C][C][Branch2][Ring1][Branch2][C][=Branch1][C][=O][O-1][C@H1][C][C][N][Branch1][#Branch2][C][C][=C][C][=C][C][=C][Ring1][=Branch1][C][Ring1][N][=C][Ring2][Ring1][=Branch1],41,True,C1C(=O)NC=CC=CC(C(=O)[O-1])=C1,O=C1CC=C(C(=O)[O-])C=CC=CN1,-0.748,178.17,13,1,0,1,3,1,0.574,True,0.463
[C][O][C][=C][C][=C][Branch2][Ring1][=N][N][C][=Branch1][C][=O][N][C][C][C][N][Branch1][=N][C][=Branch1][C][=O][N][C][C][C][C][C][Ring1][=Branch1][C][C][Ring1][=N][C][=C][Ring2][Ring1][=Branch2][C],43,True,COC=CC=C(NC(=O)NCC1CN(C(=O)N2CCCCC2)CC1)C=CC,CC=CC(=CC=COC)NC(=O)NCC1CCN(C(=O)N2CCCCC2)C1,2.834,376.5,27,2,0,2,3,6,0.553,True,0.907
[C][C][Branch1][C][C][C][O][C][C][C][N][Branch2][Ring1][=Branch2][C][=Branch1][C][=O][N][C@H1][Branch1][N][C][=C][C][=C][Branch1][C][F][C][=C][Ring1][#Branch1][C][C][Ring1][=N][C][C][Ring2][Ring1][Ring2],42,True,CC(C)COCCCN(C(=O)N[C@H1](C1=CC=C(F)C=C1)CCC)C,CCC[C@H](NC(=O)N(C)CCCOCC(C)C)c1ccc(F)cc1,4.371,338.47,24,1,1,1,2,10,0.644,True,0.881
[C][O][C][=C][C][=C][Branch2][Ring1][=N][C][=Branch1][C][=O][N][C][C][C][NH1+1][Branch1][#C][C][C][C][=Branch1][C][=O][N][C][C][Branch1][C][C][=O][C][C][Ring1][=C][C][=C][Ring2][Ring1][#Branch1],42,True,COC1=CC=C(C(=O)NC2CC[NH1+1](CCC(=O)NCC(C)=O)C2)C=C1,COc1ccc(C(=O)NC2CC[NH+](CCC(=O)NCC(C)=O)C2)cc1,-0.822,348.42,25,2,1,3,4,8,0.573,True,0.976
[C][C][=C][C][=C][C][Branch2][Ring1][=C][N][C][=Branch1][C][=O][C][=Branch1][C][=O][N][C][C][N][Branch1][=Branch2][C][=C][C][=C][C][=C][Ring1][=Branch1][C][C][C][Ring1][N][=C][Ring2][Ring1][=Branch2],41,True,C1C=CC=CC1NC(=O)C(=O)NC2CN(C3=CC=CC=C3)CCC2=C,C=C1CCN(c2ccccc2)CC1NC(=O)C(=O)NC1C=CC=CC1,1.939,337.42,25,3,1,2,3,3,0.654,True,0.902
[C][C][=C][C][=C][Branch2][Ring1][=N][C][=Branch1][C][=O][N][C][C][C][N][Branch1][=C][C][=Branch1][C][=O][C][=C][C][=C][C][=C][Ring1][=Branch1][F][C][C][Ring1][=N][C][=C][Ring2][Ring1][=Branch2],41,True,C1C=CC=C(C(=O)NCCC2N(C(=O)C3=CC=CC=C3F)CC2)C=C1,O=C(NCCC1CCN1C(=O)c1ccccc1F)C1=CC=CCC=C1,2.989,340.4,25,3,1,1,2,5,0.896,True,0.878
[C][C][=C][C][=C][C][Branch2][Ring1][=N][N][C][=Branch1][C][=O][N][C][C][C][N][Branch1][=N][C][=Branch1][C][=O][C][=C][C][=C][N][=C][Ring1][=Branch1][C][C][Ring1][=C][=N][Ring2][Ring1][Branch2],41,True,CC1=CC=CC(NC(=O)NC2CCN(C(=O)C3=CC=CN=C3)CC2)=N1,Cc1cccc(NC(=O)NC2CCN(C(=O)c3cccnc3)CC2)n1,2.211,339.4,25,3,2,2,4,3,0.897,True,1.0
[C][O][C][=C][C][=C][Branch2][Ring1][=N][C][=Branch1][C][=O][N][C@@H1][Branch1][C][C][C][=C][C][=C][C][=C][Ring1][=Branch1][O][C][C][=C][C][=C][C][=C][Ring1][=Branch1][C][=C][Ring2][Ring1][=Branch2],41,True,COC1=CC=C(C(=O)N[C@@H1](C)C2=CC=CC=C2OCC3=CC=CC=C3C)C1,COC1=CC=C(C(=O)N[C@@H](C)c2ccccc2OCc2ccccc2C)C1,4.612,363.46,27,3,2,1,3,7,0.781,True,1.0
[C][C][=C][C][=C][C][Branch2][Ring1][=N][C@H1][Branch1][C][C][C][=Branch1][C][=O][C][C][C][C][C@@H1][Ring1][Branch1][C][=Branch1][C][=O][N][C][C][C][C][C][C][Ring1][=Branch1][=C][Ring2][Ring1][=Branch2],41,True,C1C=CC=CC([C@H1](C)C(=O)C2CCC[C@@H1]2C(=O)NC3CCCCC3)=C1,C[C@H](C(=O)C1CCC[C@@H]1C(=O)NC1CCCCC1)C1=CCC=CC=C1,4.499,341.5,25,3,0,1,2,5,0.8,True,0.927
[C][C][=C][C][=C][C][Branch2][Ring1][N][N][C][=Branch1][C][=O][C@H1][N][C][=Branch1][C][=O][N][Branch1][C][C][C][C][C][Ring1][C][NH1+1][Branch1][C][C][C][Ring1][#Branch1][=C][Ring2][Ring1][#Branch1],40,True,C1C=CC=CC(NC(=O)[C@H1]NC(=O)N(C2)CC=C[NH1+1](C)C2)=C1,C[NH+]1C=CCN(C(=O)N[CH]C(=O)NC2=CCC=CC=C2)CC1,-0.282,302.38,22,2,0,3,2,3,0.671,True,0.85
[C][C][=C][C][=C][Branch2][Ring1][=N][N][C][=Branch1][C][=O][N][C][C][Branch1][P][C][=Branch1][C][=O][N][C][=C][C][=C][C][=C][Ring1][=Branch1][F][C][C][Ring1][P][C][=C][Ring2][Ring1][=Branch2],41,True,C12C=CC=C(NC(=O)NCC1C(=O)NC3=CC=CC=C3F)C=C2,O=C1NCC(C(=O)Nc2ccccc2F)C2C=CC=C(C=C2)N1,2.319,313.33,23,3,1,3,2,2,0.784,True,0.878
[C][C][=C][C][=C][Branch2][Ring1][O][C][=Branch1][C][=O][N][C@@H1][C@H1][C][C][C][C][N][Ring1][=Branch1][C][=Branch1][C][=O][C@@H1][C@H1][C@H1][C][C][C][C][Ring1][Branch1][C][=C][Ring2][Ring1][#Branch1],40,True,CC=CC1=C(C(=O)N[C@@H1][C@H1]2CCCCN2C(=O)[C@@H1][C@H1][C@H1]3CCCC3)C=C1,CC=CC1=C(C(=O)N[CH][C@H]2CCCCN2C(=O)[CH][CH]C2CCCC2)C=C1,3.687,353.49,26,3,0,1,2,7,0.759,True,1.0
[C][C][=C][C][=C][Branch2][Ring1][=N][C][=Branch1][C][=O][C][O][C][=Branch1][C][=O][#N][=C][/C][=C][C][=C][C][=C][Ring1][=Branch1][N][C][C][C][C][Ring1][Branch1][C][=C][Ring2][Ring1][=Branch2],40,True,CC1=CC=C(C(=O)COC(=O)N=C/C2=CC=CC=C2N3CCCC3C)C1,CC1=CC=C(C(=O)COC(=O)N=Cc2ccccc2N2CCCC2C)C1,4.076,352.43,26,3,1,0,4,5,0.749,True,1.0
[C][C][Branch1][C][C][C][C][C][C][N][Branch2][Ring1][Branch2][C][=Branch1][C][=O][N][C][C][NH1+1][Branch1][C][C][C][C@H1][Ring1][#Branch1][C][=C][C][=C][C][=C][Ring1][=Branch1][C][C][Ring2][Ring1][#Branch1],41,True,CC(C1)CCCCN(C(=O)N2CC[NH1+1](C)C[C@H1]2C3=CC=CC=C3)CC1,CC1CCCCN(C(=O)N2CC[NH+](C)C[C@H]2c2ccccc2)CCC1,2.58,344.52,25,3,1,1,1,1,0.833,True,0.951
[C][C][=C][C][=C][Branch2][Ring1][=N][C][=Branch1][C][=O][N][C][C][N][Branch1][S][C][=Branch1][C][=O][N][C][C@@H1][C][C][O][C][C][Ring1][=Branch1][C][C][Ring1][#C][=O][C][=C][Ring2][Ring1][Branch2],42,True,CC=C1C=C(C(=O)NC2CN(C(=O)NC[C@@H1]3CCOCC3C)C2)OC=C1,CC=C1C=COC(C(=O)NC2CN(C(=O)NC[C@@H]3CCOCC3C)C2)=C1,1.543,361.44,26,3,0,2,4,4,0.796,True,1.0
[C][C][=C][C][=C][C][Branch2][Ring1][=N][N][C][=Branch1][C][=O][N][C][C][N][Branch1][=C][C][C][C][=C][C][=C][C][=C][Ring1][=Branch1][O][C][C][O][C][Ring1][#C][=O][=C][Ring2][Ring1][#Branch1],42,True,CC=CC=CC(NC(=O)NCC1N(CCC2=CC=CC=C2OCC)OC1)=O,CC=CC=CC(=O)NC(=O)NCC1CON1CCc1ccccc1OCC,2.202,373.45,27,2,1,2,5,9,0.512,True,0.833
[C][C][C][C][=N][C][Branch2][Ring1][#C][C][N][C][=Branch1][C][=O][N][C][C][C][N][Branch1][=N][C][=C][C][=C][Branch1][C][F][C][=C][Ring1][#Branch1][F][C][C][Ring1][=C][=N][O][Ring2][Ring1][=Branch1],43,True,CCCC=NC(CNC(=O)NC1CCN(C2=CC=C(F)C=C2F)CC1=N)=O,CCCC=NC(=O)CNC(=O)NC1CCN(c2ccc(F)cc2F)CC1=N,2.26,379.41,27,2,1,3,4,6,0.661,True,0.907
[C][C][=C][C][=C][C][Branch2][Ring1][#C][N][C][=Branch1][C][=O][C][=C][C][=C][C][Branch1][=C][N][C][=Branch1][C][=O][C][C][C][C][C][C][Ring1][Branch1][=C][S][Ring1][#C][C][=C][Ring2][Ring1][=Branch2],43,True,CC=C1C=CC(NC(=O)C=C2C=CC(NC(=O)CC3CCCC3)=CS2C)=C1,CC=C1C=CC(NC(=O)C=C2C=CC(NC(=O)CC3CCCC3)=C[SH]2C)=C1,4.125,384.55,27,3,0,3,2,5,0.493,True,1.0
[C][C][=C][C][=C][Branch2][Ring1][=N][C][=Branch1][C][=O][N][C][C][N][Branch1][P][C][=Branch1][C][=O][C][C][=C][C][=C][C][=C][Ring1][=Branch1][Cl][C][C][Ring1][S][C][=C][Ring2][Ring1][=Branch2],41,True,C12C=CC=C(C(=O)NCCN1C(=O)CC3=CC=CC=C3Cl)C=C2,O=C1NCCN(C(=O)Cc2ccccc2Cl)C2C=CC=C1C=C2,2.262,328.8,23,3,1,1,2,2,0.905,True,0.829
[C][O][C][C][=C][C][=C][Branch2][Ring1][O][C][=Branch1][C][=O][N][C][C][C][N][Branch1][=N][C][C][=Branch1][C][=O][N][Branch1][C][C][C][C][C][C][Ring1][=N][C][=C][Ring2][Ring1][=Branch1],41,True,COCC1=CC=C(C(=O)NC2CCN(CC(=O)N(C)CCC)C2)C=C1,CCCN(C)C(=O)CN1CCC(NC(=O)c2ccc(COC)cc2)C1,1.505,347.46,25,2,1,1,4,8,0.774,True,0.976
[C][C][=C][C][=C][Branch2][Ring1][=N][C][N][C][=Branch1][C][=O][C][=Branch1][C][=O][N][C][C][Branch1][#Branch2][C][=C][C][=C][C][=C][Ring1][=Branch1][C][C][C][Ring1][N][C][=C][Ring2][Ring1][Branch2],41,True,CC1=CC=C(CNC(=O)C(=O)N2CC(C3=CC=CC=C3C)CC2)C=C1,Cc1ccc(CNC(=O)C(=O)N2CCC(c3ccccc3C)C2)cc1,2.936,336.44,25,3,2,1,2,3,0.876,True,1.0
[C][C][=C][C][=C][Branch2][Ring1][=N][C@H1][Branch1][C][C][N][C][=Branch1][C][=O][N][C][C][N][Branch1][O][C][=C][C][=C][C][=N][Ring1][=Branch1][F][O][C][Ring1][=N][N][=C][Ring2][Ring1][Branch2],41,True,C1C=CC=C([C@H1](C)NC(=O)NCCN(C2=CC=CC=N2)C)N=C1,C[C@H](NC(=O)NCCN(C)c1ccccn1)C1=CC=CCC=N1,2.12,313.41,23,2,1,2,4,6,0.845,True,0.829
[C][C][=C][C][=C][C][Branch2][Ring1][=C][N][C][=Branch1][C][=O][N][C][Branch1][C@H1][C][=Branch1][C][=O][N][Branch1][#Branch2][C][C][=C][C][=C][C][=C][Ring1][=Branch1][C][Ring1][N][=O][=C][Ring2][Ring1][#Branch1],42,True,CC1=CC=CC(NC(=O)NC(C)(O)N(CC2=CC=CC=C2)C=O)=C1,Cc1cccc(NC(=O)NC(C)(O)N(C=O)Cc2ccccc2)c1,2.441,327.38,24,2,2,3,3,6,0.563,True,0.952
[C][C][C][C][=C][Branch2][Ring1][N][C][=Branch1][C][=O][C][N][C][=Branch1][C][=O][N][C][C][Branch1][=Branch2][C][=C][C][=C][C][=C][Ring1][=Branch1][C][C][Ring1][N][C][=C][Ring2][Ring1][#Branch1],40,True,CC1CC=C(C(=O)CNC(=O)NCC(C2=CC=CC=C2)CC)C=C1,CCC(CNC(=O)NCC(=O)C1=CCC(C)C=C1)c1ccccc1,3.571,326.44,24,2,1,2,2,7,0.805,True,0.925
[C][C][=C][C][=C][Branch2][Ring1][N][C][=Branch1][C][=O][N][C][C][C][N][Branch1][#Branch2][C][=N][C][=N][C][=C][Ring1][=Branch1][C][C][Ring1][N][=N][O][C][=Ring1][P][C][=C][Ring2][Ring1][Branch2],41,True,CC1=CC=C(C(=O)NC2CCN(C3=NC=NC=C3C)C2=NOC)C=C1,CON=C1C(NC(=O)c2ccc(C)cc2)CCN1c1ncncc1C,2.062,339.4,25,3,2,1,5,4,0.863,True,0.902
[C][C][=C][C][=C][Branch2][Ring1][=N][C][=Branch1][C][=O][N][C][C][C][C@H1][Branch1][#C][C][N][C][=Branch1][C][=O][C][C][Branch1][C][C][C][C][C][Ring1][=N][C][=C][Ring2][Ring1][Branch1],40,True,C1C=C2C=C(C(=O)NCCC[C@H1]1CNC(=O)CC(C)CCC)C2,CCCC(C)CC(=O)NC[C@H]1CC=C2C=C(C2)C(=O)NCCC1,3.102,318.46,23,3,0,2,2,6,0.79,True,0.875
[C][C@H1][Branch2][Ring1][=N][N][C][=Branch1][C][=O][C][=C][C][=C][C][=C][Ring1][=Branch1][N][C][=Branch1][C][=O][C][C][C][C][C][C][C][Ring1][=Branch1][C][=C][C][=C][C][=C][Ring1][=Branch1],40,True,C[C@H1](NC(=O)C1=CC=CC=C1NC(=O)CC2CCCCC2C3)CC=CC=C3,C[C@H]1CC=CC=CCC2CCCCC2CC(=O)Nc2ccccc2C(=O)N1,4.846,366.51,27,3,1,2,2,0,0.69,True,0.95
[C][C][=C][C][=C][C][Branch2][Ring1][=N][N][C][=Branch1][C][=O][N][C][C@H1][C][C][C][C@@H1][Ring1][Branch1][C][=Branch1][C][=O][N][C][C@H1][C][C][O][O][Ring1][Branch1][=C][Ring2][Ring1][#Branch1],40,True,C1C=CC=CC1NC(=O)NC[C@H1]2CCC[C@@H1]2C(=O)NC[C@H1]3CCOO3,O=C(NC[C@H]1CCC[C@@H]1C(=O)NC[C@H]1CCOO1)NC1C=CC=CC1,1.423,349.43,25,3,0,3,4,6,0.633,True,0.9
[O][=C][Branch1][=N][C][C][C][O][C][=C][C][=C][C][=C][Ring1][=Branch1][N][C][C][C][N][Branch2][Ring1][C][C][=Branch1][C][=O][N][Branch1][C][C][C][=C][C][=C][C][=C][Ring1][=Branch1][C][C][Ring1][P][=O],45,True,O=C(CCCOC1=CC=CC=C1)N2CCCN(C(=O)N(C)C3=CC=CC=C3C)C2=O,Cc1ccccc1N(C)C(=O)N1CCCN(C(=O)CCCOc2ccccc2)C1=O,4.065,409.49,30,3,2,0,4,6,0.675,True,1.0
[C][C][=C][C][=C][Branch2][Ring1][N][C][N][C][=Branch1][C][=O][C][=Branch1][C][=O][N][C][=C][C][=C][C][=C][Ring1][=Branch1][N][C][C][O][C][C][Ring1][=Branch1][C][=C][Ring2][Ring1][=Branch2],40,True,CC1=CC=C(CNC(=O)C(=O)NC2=CC=CC=C2N3CCOCC3)C=C1,Cc1ccc(CNC(=O)C(=O)Nc2ccccc2N2CCOCC2)cc1,2.087,353.42,26,3,2,2,4,4,0.826,True,1.0
[C][C][C][C][=C][C][=C][Branch2][Ring1][Branch2][N][C][=Branch1][C][=O][C][C][C][N][Branch1][=Branch2][C][C][C][C][C][C][Ring1][Branch1][C][C][Ring1][N][C][=C][Ring2][Ring1][Branch1],38,True,CCCC1=CC=C(NC(=O)C2CCN(CC3CCCC3)CC2)C=C1,CCCc1ccc(NC(=O)C2CCN(CC3CCCC3)CC2)cc1,4.48,328.5,24,3,1,1,2,6,0.835,True,1.0
[C][C][C][=C][C][=C][Branch2][Ring1][=Branch2][C][=Branch1][C][=O][N][C][C][=Branch1][C][=O][N][C][C][C][=C][C][=C][C][=C][Ring1][=Branch1][Cl][C][Ring2][Ring1][Branch1][C][=C][Ring2][Ring1][=Branch2],40,True,CC1C=CC=C1C(=O)NCC(=O)NCCC2=CC=CC=C2Cl,CC1C=CC=C1C(=O)NCC(=O)NCCc1ccccc1Cl,2.247,318.8,22,2,1,2,2,6,0.845,True,0.75
[C][C][=C][C][=C][Branch2][Ring1][=Branch2][C][N][C][=Branch1][C][=O][C@@H1][Branch1][C][C][C][C][=Branch1][C][=O][N][C][C][C][C][C][Ring1][=Branch1][C][=C][Ring2][Ring1][Ring2],36,True,CC=C1C=C(CNC(=O)[C@@H1](C)CC(=O)N2CCCCC2C)C1,CC=C1C=C(CNC(=O)[C@@H](C)CC(=O)N2CCCCC2C)C1,2.806,304.43,22,2,0,1,2,5,0.849,True,1.0
[C][#C][C][C][=C][C][=C][C][Branch2][Ring1][#Branch2][N][C][=Branch1][C][=O][N][C][C][=N][N][=C][Branch1][=Branch2][C][=C][C][=C][C][=C][Ring1][=Branch1][N][N][Ring1][#Branch2][C][=C][Ring2][Ring1][Branch2],41,True,C#CCC1=CC=CC(NC(=O)NCC=NN=C(C2=CC=CC=C2)NN)C=C1,C#CCC1=CC=CC(NC(=O)NCC=NN=C(NN)c2ccccc2)C=C1,1.626,362.44,27,2,1,4,4,6,0.203,True,0.951
[C][O][C][=C][C][=C][Branch2][Ring1][=N][C][N][C][=Branch1][C][=O][N][C][=Branch1][C][=O][C][=C][C][=C][Branch1][#Branch1][O][C][Branch1][C][C][=O][C][=C][Ring1][#Branch2][C][=C][Ring2][Ring1][#Branch1],41,True,COC1=CC=C(CNC(=O)NC(=O)C2=CC=C(OC(C)=O)C=C2C)C1,COC1=CC=C(CNC(=O)NC(=O)c2ccc(OC(C)=O)cc2C)C1,2.22,344.37,25,2,1,2,5,5,0.631,True,1.0
[C][C][C][=C][C][=C][Branch2][Ring1][#C][C][=Branch1][C][=O][N][C][C][C][C][N][Branch1][=C][C][=Branch1][C][=O][C][C][=C][C][=C][C][=C][Ring1][=Branch1][C][C][Ring1][=C][C][=C][Ring2][Ring1][=Branch2],43,True,CCC1=CC=C(C(=O)NCCC2CN(C(=O)CC3=CC=CC=C3)CC2C)C1,CCC1=CC=C(C(=O)NCCC2CN(C(=O)Cc3ccccc3)CC2C)C1,3.496,366.51,27,3,1,1,2,7,0.803,True,1.0
[C][C][Branch1][C][C][O][C][=Branch1][C][=O][C][=C][C][=C][Branch2][Ring1][Ring2][C][=Branch1][C][=O][N][C][=C][C][=C][C][=C][C][=C][C][Ring1][=Branch1][=C][Ring1][#Branch2][O][Ring2][Ring1][Ring1],40,True,CC(C)OC(=O)C=CC=C(C(=O)NC1=CC=C2C=CC=CC2=C1)O,CC(C)OC(=O)C=CC=C(O)C(=O)Nc1ccc2ccccc2c1,3.728,325.36,24,2,2,2,4,5,0.38,True,0.9
[C][C][=C][C][=C][Branch2][Ring1][#Branch2][C][=Branch1][C][=O][C][N][C][=Branch1][C][=O][C][=C][C][=C][C][=Branch1][Ring2][=C][Ring1][=Branch1][C][C][C][C][Ring1][#Branch1][N][=C][Ring2][Ring1][#Branch1],39,True,C1C=CC=C(C(=O)CNC(=O)C2=CC=C3C(=C2)CCCC3)N=C1,O=C(CNC(=O)c1ccc2c(c1)CCCC2)C1=CC=CCC=N1,2.779,308.38,23,3,1,1,3,4,0.93,True,0.923
[C][C][=C][C][=C][Branch2][Ring1][#C][C][=Branch1][C][=O][N][C][C][C][N][Branch1][S][C][C][=Branch1][C][=O][C][=C][C][=C][N][=C][Ring1][=Branch1][O][C][C][Ring1][P][C][=C][Ring2][Ring1][#Branch1],42,True,CC=CC1=C(C(=O)N2CCCN(CC(=O)C3=CC=CN=C3OC)C2C)C1,CC=CC1=C(C(=O)N2CCCN(CC(=O)c3cccnc3OC)C2C)C1,2.43,355.44,26,3,1,0,5,6,0.734,True,1.0
[C][C][=C][C][=C][Branch2][Ring1][=N][C][N][C][=Branch1][C][=O][N][C][C@H1][Branch1][C][C][C][=C][C][=C][C][=Branch1][Ring2][=N][Ring1][=Branch1][C][C][C][O][Ring1][#Branch1][C][=C][Ring2][Ring1][Branch2],41,True,CC1=CC=C(CNC(=O)NC[C@H1](C)C2=CC=C3C(=N2)CCCO3)C=C1,Cc1ccc(CNC(=O)NC[C@H](C)c2ccc3c(n2)CCCO3)cc1,3.318,339.44,25,3,2,2,3,5,0.878,True,1.0
[C][C][=C][C][=C][C][Branch2][Ring1][=Branch2][N][C][=Branch1][C][=O][C][N][C][=Branch1][C][=O][C][C][Branch1][Branch1][C][C][=Ring1][=Branch1][C][#Branch1][C][C][C][Ring1][Ring2][Ring1][=C][Ring2][Ring1][#Branch1],40,True,C1C=C2C=CC21NC(=O)CNC(=O)CC(CC)C(C)C,CCC(CC(=O)NCC(=O)NC12C=CC1=CC2)C(C)C,1.93,276.38,20,2,0,2,2,7,0.746,True,0.825
[C][C][=C][C][=C][C][Branch2][Ring1][=N][C][=Branch1][C][=O][C][C][C][C][=Branch1][C][=O][N][C][=Branch1][C][=O][N][C][C][NH1+1][Branch1][C][C][C][C][Ring1][#Branch1][C][=C][Ring2][Ring1][#Branch1],41,True,CC=C1C=CC(C(=O)CCCC(=O)NC(=O)N2CC[NH1+1](C)CC2C)=C1,CC=C1C=CC(C(=O)CCCC(=O)NC(=O)N2CC[NH+](C)CC2C)=C1,0.623,346.45,25,2,0,2,3,5,0.767,True,1.0
[C][C][=C][C][=C][C][Branch2][Ring1][=N][C@H1][Branch1][C][C][N][C][=Branch1][C][=O][C][=N][C][=C][C][=C][Ring1][=Branch1][N][C][C][NH1+1][Branch1][C][C][C][C][Ring1][#Branch1][=C][Ring2][Ring1][Branch2],41,True,CC1=CC=CC([C@H1](C)NC(=O)C2=NC=CC=C2N3CC[NH1+1](C)CC3)=C1,Cc1cccc([C@H](C)NC(=O)c2ncccc2N2CC[NH+](C)CC2)c1,1.216,339.46,25,3,2,2,3,4,0.88,True,1.0
[C][C][=C][C][=C][Branch2][Ring1][=N][N][C][=Branch1][C][=O][N][C][C][N][Branch1][#C][C][=Branch1][C][=O][C][C][=C][C][=C][N][=N][Ring1][=Branch1][C][C][Ring1][S][C][=C][Ring2][Ring1][Branch2],41,True,C1C=CC=C(NC(=O)NCCN(C(=O)CC2=CC=CN=N2)C)C=C1,CN(CCNC(=O)NC1=CC=CCC=C1)C(=O)Cc1cccnn1,1.177,327.39,24,2,1,2,4,6,0.821,True,0.854
[C][O][C][=C][C][=C][Branch2][Ring1][=N][C][N][C][=Branch1][C][=O][C@@H1][C][C][=Branch1][C][=O][N][Branch1][=N][C][=C][C][=C][C][=C][Ring1][=Branch1][C][C][Ring1][#C][C][=C][Ring2][Ring1][=Branch2],41,True,C1OC=CC=C(CNC(=O)[C@@H1]CC(=O)N(C2=CC=CC=C2CC)C)C1,CCc1ccccc1N(C)C(=O)C[CH]C(=O)NCC1=CC=COCC1,2.783,341.43,25,2,1,1,3,7,0.83,True,0.854
[C][O][C][=C][C][=C][Branch2][Ring1][=N][N][C][=Branch1][C][=O][C][Branch1][C][C][N][Ring1][=N][C][=Branch1][C][=O][C][C][C][C][C][C][C][Ring1][=Branch1][C][Branch1][Ring1][O][C][=C][Ring2][Ring1][=Branch2],43,True,C12OC=CC=C(NC(=O)C(C)N1C(=O)CC3CCCCC3COC)C2,COCC1CCCCC1CC(=O)N1C2CC(=CC=CO2)NC(=O)C1C,2.32,348.44,25,3,0,1,4,4,0.847,True,0.86
[C][C][=C][C][=C][Branch2][Ring1][=N][C][=Branch1][C][=O][N][C][C][=Branch1][C][=O][N][Branch1][=Branch2][C][=C][C][=C][C][=C][Ring1][=Branch1][C][Ring1][N][C][C][C][=N][Ring1][Branch1][C][=C][Ring2][Ring1][=Branch2],43,True,C1C=CC=C1C(=O)N2CC(=O)N(C3=CC=CC=C3)C2CCC=N,N=CCCC1N(C(=O)C2=CC=CC2)CC(=O)N1c1ccccc1,2.504,309.37,23,3,1,1,3,5,0.849,True,0.814
[C][C][=C][C][=C][Branch2][Ring1][=N][N][C][=Branch1][C][=O][N][C][C][C][N][Branch1][=C][C][=Branch1][C][=O][C][=C][C][=C][C][=C][Ring1][=Branch1][O][C][C][Ring1][#C][C][=NH1+1][Ring2][Ring1][Branch2],42,True,CC=C1C=C(NC(=O)NC2CCN(C(=O)C3=CC=CC=C3O)CC2)C=[NH1+1]1,CC=C1C=C(NC(=O)NC2CCN(C(=O)c3ccccc3O)CC2)C=[NH+]1,0.249,355.42,26,3,1,4,3,3,0.626,True,1.0
[C][O][C][=C][C][=C][Branch2][Ring1][O][C][C][=Branch1][C][=O][N][C][C][C][C][C@@H1][Ring1][=Branch1][C][=Branch1][C][=O][N][C][C][C][O][C][C][Ring1][=Branch1][C][=C][Ring2][Ring1][=Branch2],40,True,COC=CC=C(CC(=O)N1CCCC[C@@H1]1C(=O)NC2CCOCC2)C=C,C=CC(=CC=COC)CC(=O)N1CCCC[C@@H]1C(=O)NC1CCOCC1,2.325,362.47,26,2,0,1,4,7,0.557,True,0.9
[C][C][=C][C][=C][Branch2][Ring1][N][N][C][=Branch1][C][=O][C][N][C][=Branch1][C][=S][C][C][C][=Branch1][C][=O][N][C][C][NH1+1][Branch1][C][C][C][C][Ring1][#Branch1][C][=C][Ring2][Ring1][=Branch1],41,True,CC=CC1=C(NC(=O)CNC(=S)CCC(=O)N2CC[NH1+1](C)CC2)C=C1,CC=CC1=C(NC(=O)CNC(=S)CCC(=O)N2CC[NH+](C)CC2)C=C1,-0.443,363.51,25,2,0,3,3,7,0.537,True,1.0
[C][C][=C][C][=C][Branch2][Ring1][=N][C][C][=Branch1][C][=O][N][C][C][C@@H1][Branch1][=N][C][=Branch1][C][=O][N][C][C][C][Ring1][C][Branch1][C][C][C][C][Ring1][=C][C][=C][Ring2][Ring1][Branch2],41,True,C1C=CC=C(CC(=O)NCC[C@@H1](C(=O)NCC=CC)CC)C=C1,CC=CCNC(=O)[C@@H](CC)CCNC(=O)CC1=CC=CCC=C1,3.044,316.45,23,1,0,2,2,9,0.642,True,0.756
[C][C][=C][C][=C][C][Branch2][Ring1][N][O][C@@H1][Branch1][C][C][C][=Branch1][C][=O][N][C][C][N][Branch1][#Branch2][C][=C][C][=C][C][=NH1+1][Ring1][=Branch1][C][Ring1][=N][N][=C][Ring2][Ring1][#Branch1],40,True,C1C=C2C=CC(O[C@@H1](C)C(=O)NCCN2C3=CC=CC=[NH1+1]3)=C1,C[C@@H]1OC2=CCC=C(C=C2)N(c2cccc[nH+]2)CCNC1=O,1.57,298.37,22,3,1,1,3,1,0.856,True,0.825
[O][=C][Branch2][Ring1][Branch2][C][N][C][=C][C][=C][Branch1][#Branch2][C][C][=C][C][=C][C][=C][Ring1][=Branch1][C][=C][Ring1][=N][N][C][C][=C][Ring1][Ring1][C][=C][C][=C][C][=C][Ring1][=Branch1],40,True,O=C(CNC1=CC=C(CC2=CC=CC=C2)C=C1NC3)C=C3C4=CC=CC=C4,O=C1C=C(c2ccccc2)CNc2cc(Cc3ccccc3)ccc2NC1,4.768,354.45,27,4,3,2,3,3,0.712,True,1.0
[C][C][=C][C][=C][Branch2][Ring1][N][C][C][=Branch1][C][=O][N][C][C][N][Branch1][=N][C][=Branch1][C][=O][N][C][C][O][C][C][Ring1][=Branch1][C][C][Ring1][=N][C][=C][Ring2][Ring1][#Branch1],40,True,CC1=CC=C(CC(=O)NC2CN(C(=O)N3CCOCC3)CC2)C=C1,Cc1ccc(CC(=O)NC2CCN(C(=O)N3CCOCC3)C2)cc1,1.18,331.42,24,3,1,1,3,3,0.905,True,1.0
[C][C][=C][C][=C][C][Branch2][Ring1][=Branch2][S][=Branch1][C][=O][=Branch1][C][=O][N][C][C][C][=C][C][=C][C][=C][Ring1][=Branch1][Ring1][=Branch2][=C][C][=C][C][Ring2][Ring1][Ring2][=N][Ring2][Ring1][#Branch1],40,True,C12C=CC=CC1(S(=O)(=O)N3CCC4=CC=CC=C43)N2,O=S(=O)(N1CCc2ccccc21)C12C=CC=CC1N2,1.173,274.34,19,4,1,1,3,2,0.824,True,0.775
[C][C][=C][C][=C][Branch2][Ring1][=N][C][=Branch1][C][=O][N][C][C][N][C][=Branch1][C][=O][C][=C][C][=C][C][=C][Ring1][=Branch1][N][C][C][O][C][C][Ring1][=Branch1][C][=C][Ring2][Ring1][=Branch2],41,True,CC=C1C=C(C(=O)NCCNC(=O)C2=CC=CC=C2N3CCOCC3)C=C1,CC=C1C=CC(C(=O)NCCNC(=O)c2ccccc2N2CCOCC2)=C1,1.812,367.45,27,3,1,2,4,6,0.753,True,1.0
[C][C][=C][C][=C][Branch2][Ring1][#C][C][=Branch1][C][=O][N][C][C][Branch1][Branch1][Ring1][C][#N][=N][/N][C][=C][C][=C][Branch1][C][F][C][=C][Ring1][#Branch1][Cl][C][O][Ring1][=N][C][=C][Ring2][Ring1][=Branch2],43,True,C1C=CC=C(C(=O)NC=C/NC2=CC=C(F)C=C2Cl)C=C1,O=C(NC=CNc1ccc(F)cc1Cl)C1=CC=CCC=C1,3.921,304.75,21,2,1,2,2,4,0.885,True,0.674
[C][C][=C][C][=C][Branch2][Ring1][=N][C][=Branch1][C][=O][N][Branch1][=Branch2][C][=C][C][=C][C][=C][Ring1][=Branch1][C][C][=Branch1][C][=O][N][C][C][C][C][C][Ring1][Branch1][N][=C][Ring2][Ring1][=Branch2],41,True,C1C=CC=C(C(=O)N(C2=CC=CC=C2)CC(=O)NC3CCCC3)N=C1,O=C(CN(C(=O)C1=CC=CCC=N1)c1ccccc1)NC1CCCC1,2.993,337.42,25,3,1,1,3,5,0.898,True,0.927
[C][#C][C][=C][C][=C][Branch2][Ring1][N][C][=Branch1][C][=O][N][C][C][N][Branch1][#C][C][=Branch1][C][=O][C][C][=C][C][=C][C][=C][Ring1][=Branch1][C][C][Ring1][#C][C][=C][Ring2][Ring1][#Branch1],41,True,C#CC1=CC=C(C(=O)N2CCN(C(=O)CC3=CC=CC=C3C)C2)C=C1,C#Cc1ccc(C(=O)N2CCN(C(=O)Cc3ccccc3C)C2)cc1,2.461,332.4,25,3,2,0,2,3,0.81,True,1.0
[C][C][=C][C][=C][C][Branch2][Ring1][=N][C][N][C][=Branch1][C][=O][C@@H1][Branch1][S][N][C][=Branch1][C][=O][C][=C][C][=C][C][=C][Ring1][=Branch1][F][C][C][Ring1][P][C][=C][Ring2][Ring1][Branch2],41,True,C1C=CC=CC(CNC(=O)[C@@H1](NC(=O)C2=CC=CC=C2F)CC)=C1,CC[C@H](NC(=O)c1ccccc1F)C(=O)NCC1=CCC=CC=C1,2.893,328.39,24,2,1,2,2,6,0.843,True,0.829
[C][C][=C][C][=C][C][Branch2][Ring1][=N][C][=Branch1][C][=O][N][N][S@][=Branch1][C][=O][C@@H1][Branch1][C][C][C][=C][C][=C][C][=C][Ring1][=Branch1][C][C][C][C][Ring1][Branch1][C][=C][Ring2][Ring1][#Branch1],42,True,CC=CC1=CC(C(=O)NN[S@](=O)[C@@H1](C)C2=CC=CC=C2CCCC)C=C1,CC=CC1=CC(C(=O)NN[S@](=O)[C@@H](C)c2ccccc2CCCC)C=C1,4.063,372.53,26,2,1,2,2,9,0.642,True,0.952
[C][C][=C][C][=C][Branch2][Ring1][=N][C][N][C][=Branch1][C][=O][C][=Branch1][C][=O][N][C][C][C][C@@][Ring1][Branch1][O][C][C@@H1][Ring1][Ring1][N][C][C][C][C][Ring1][Branch1][C][=C][Ring2][Ring1][=Branch2],42,True,CC1=CC=C(CNC(=O)C(=O)N2CCC[C@@]2OC[C@@H1]N3CCCC3)C=C1,Cc1ccc(CNC(=O)C(=O)N2CCC[C]2OC[CH]N2CCCC2)cc1,1.997,357.45,26,3,1,1,4,6,0.791,True,0.952
[C][C][=C][C][=C][Branch2][Ring1][N][C][=Branch1][C][=O][N][C][C][C][N][Branch1][=C][C][=Branch1][C][=O][C][=C][C][=C][C][=C][Ring1][=Branch1][Cl][C][C][Ring1][#C][C][S][Ring2][Ring1][#Branch1],41,True,CC=C1C=C(C(=O)NC2CCN(C(=O)C3=CC=CC=C3Cl)CC2)CS1,CC=C1C=C(C(=O)NC2CCN(C(=O)c3ccccc3Cl)CC2)CS1,3.638,376.91,25,3,1,1,3,3,0.876,True,1.0
[C][O][C][=C][C][=C][Branch2][Ring1][=N][C][C][=Branch1][C][=O][N][C][C][C][N][Branch1][=N][C][=Branch1][C][=O][C][C@H1][C][C][C][NH1+1][Ring1][Branch1][C][C][Ring1][Ring1][C][=C][Ring2][Ring1][Branch2],42,True,COC1=CC=C(CC(=O)NCCCN(C(=O)C[C@H1]2CCC[NH1+1]23)CC3)C=C1,COc1ccc(CC(=O)NCCCN2CC[NH+]3CCC[C@@H]3CC2=O)cc1,0.024,360.48,26,3,1,2,3,7,0.674,True,0.905
[C][C][=C][C][=C][C][Branch2][Ring1][=N][O][C][=Branch1][C][=O][N][C][C][N][Branch1][=N][C][=Branch1][C][=O][C][=C][C][=C][C][=C][Ring1][=Branch1][F][C][C][Ring1][=C][=C][Ring2][Ring1][Branch2],41,True,C1C=CC=CC(OC(=O)NCCN(C(=O)C2=CC=CC=C2)F)=C1,O=C(NCCN(F)C(=O)c1ccccc1)OC1=CCC=CC=C1,3.14,316.33,23,2,1,1,3,5,0.849,True,0.829
[C][C][=C][C][=C][Branch2][Ring1][N][C][N][C][=Branch1][C][=O][C][N][C][=Branch1][C][=O][C][=C][C][=C][C][=Branch1][C][=C][Ring1][=Branch1][O][C][O][Ring1][=Branch1][C][=C][Ring2][Ring1][#Branch1],40,True,C1C=CC=C(CNC(=O)CNC(=O)C=CC=CC=C)C=C1,C=CC=CC=CC(=O)NCC(=O)NCC1=CC=CCC=C1,1.96,284.36,21,1,0,2,2,7,0.554,True,0.675
[C][C][=C][C][=N][C][Branch2][Ring1][O][C][C@H1][Branch1][C][C][N][C][=Branch1][C][=O][C][=C][C][=C][Branch1][Ring1][O][C][#N][C][Branch1][C][Cl][=C][Ring1][#Branch2][C][=C][Ring2][Ring1][=Branch1][Ring2][Ring1][Branch2],43,True,C1C=C2C=NC(C[C@H1](C)NC(=O)C3=CC=C(OC)NC(Cl)=C3)C=C21,COC1=CC=C(C(=O)N[C@@H](C)CC2C=C3CC=C3C=N2)C=C(Cl)N1,2.688,345.83,24,3,0,2,4,5,0.753,True,0.93
[C][C][=C][C][=C][C][Branch2][Ring1][#Branch2][N][C][=Branch1][C][=O][N][C][C][C][NH1+1][Branch1][=N][C][C][C][=C][C][=C][C][=C][Ring1][=Branch1][O][C][Ring1][=C][=C][Ring2][Ring1][#Branch1],39,True,C1C=C2C=CC(NC(=O)NCCC[NH1+1]1CCC3=CC=CC=C3OC)=C2,COc1ccccc1CC[NH+]1CC=C2C=CC(=C2)NC(=O)NCCC1,1.206,340.45,25,3,1,3,2,4,0.772,True,0.897
[C][C][Branch1][C][C][N][C][C][C][Branch2][Ring1][#Branch2][C][=Branch1][C][=O][C][N][C][C][N][Branch1][#Branch2][C][=C][C][=C][C][=C][Ring1][=Branch1][C][C][Ring1][Ring1][N][C][C][Ring2][Ring1][Branch1],41,True,CC(C)NC1CC(C(=O)CNCCN(C2=CC=CC=C2C)CNC)C1,CNCN(CCNCC(=O)C1CC(NC(C)C)C1)c1ccccc1C,1.914,346.52,25,2,1,3,5,11,0.422,True,0.927
[C][C][=C][C][=C][Branch2][Ring1][#Branch2][C@H1][Branch1][P][C][N][C][=Branch1][C][=O][C][=C][C][=C][C][=N][Ring1][=Branch1][N][C][C][C][C][C][Ring1][=Branch1][C][=C][Ring2][Ring1][#Branch1],38,True,C1C=CC=C([C@H1](CNC(=O)C2=CC=CC3=N2)CCCC3)C=C1,O=C1NC[C@@H](C2=CC=CCC=C2)CCCCc2cccc1n2,3.597,294.4,22,3,1,1,2,1,0.86,True,0.816
[C][C][C][C][=C][C][Branch2][Ring1][=N][N][C][=Branch1][C][=O][/C][=C][\S][=C][Branch1][=Branch2][C][=C][C][=C][C][=N][Ring1][=Branch1][C][=C][C][=C][C][=C][Ring1][=Branch1][Cl][=N][Ring2][Ring1][#Branch2],41,True,CC1CC=CC(NC(=O)/C=C\S=C(C2=CC=CC=N2)C3=CC=CC=C3Cl)=N1,CC1CC=CC(NC(=O)/C=C\[SH]=C(c2ccccn2)c2ccccc2Cl)=N1,4.146,397.93,27,3,2,2,3,4,0.352,True,1.0
[C][C][=C][C][=C][Branch2][Ring1][=C][C][=Branch1][C][=O][N][C][C][=Branch1][C][=O][C][=C][C][=C][C][=C][Ring1][=Branch1][S][C][C][=C][C][=C][C][=C][Ring1][=Branch1][C][=C][Ring2][Ring1][=Branch2],41,True,CC=C1C=C(C(=O)NCC(=O)C2=CC=CC=C2SCC3=CC=CC=C3C)C1,CC=C1C=C(C(=O)NCC(=O)c2ccccc2SCc2ccccc2C)C1,4.863,377.51,27,3,2,1,3,7,0.553,True,1.0
[C][C][Branch1][C][C][N][C][=Branch1][C][=O][C][=C][C][=C][Branch2][Ring1][Ring1][N][C][=Branch1][C][=O][C][=C][C][=C][C][Branch1][C][F][=C][Ring1][#Branch1][F][C][Branch1][Ring1][O][C][=C][Ring2][Ring1][C],43,True,C1C(C)NC(=O)C=CC=C1NC(=O)C2=CC=CC(F)=C2F,CC1CC(NC(=O)c2cccc(F)c2F)=CC=CC(=O)N1,2.043,292.29,21,2,1,2,2,2,0.876,True,0.814
[C][C][C][=C][C][=C][Branch2][Ring1][N][C@@H1][Branch1][C][C][N][C][=Branch1][C][=O][N][Branch1][C][C][Branch1][C][C][C][=C][C][=C][Branch1][C][F][C][=C][Ring1][#Branch1][C][=C][Ring2][Ring1][=Branch1],41,True,CCC1=CC=C([C@@H1](C)NC(=O)N(C)CCC2=CC=C(F)C=C2)C=C1,CCc1ccc([C@@H](C)NC(=O)N(C)CCc2ccc(F)cc2)cc1,4.333,328.43,24,2,2,1,1,6,0.841,True,0.976
[C][C][=C][C][=N][C][Branch2][Ring1][#Branch2][S][C@H1][Branch1][C][C][C][=Branch1][C][=O][N][C][C][C][N][Branch1][=Branch2][C][C][C][NH2+1][C][Ring1][Branch1][C][Ring1][O][=C][Ring2][Ring1][=Branch1],39,True,CC1=CC=NC(S[C@H1](C)C(=O)NCCCNC2CC[NH2+1]C2C)=C1,Cc1ccnc(S[C@H](C)C(=O)NCCCNC2CC[NH2+]C2C)c1,0.691,337.51,23,2,1,3,4,8,0.482,True,0.897
[C][#C][C][=C][C][=C][Branch2][Ring1][=N][N][C][=Branch1][C][=O][N][C][C][N][Branch1][#C][C][=Branch1][C][=O][N][C][C][C][O][C][C][Ring1][=Branch1][C][C][Ring1][=C][C][C][=C][Ring2][Ring1][#Branch2],43,True,C#CC=CC=C(NC(=O)NC1CN(C(=O)NC2CCOCC2C)C1)CC=C,C#CC=CC=C(CC=C)NC(=O)NC1CN(C(=O)NC2CCOCC2C)C1,1.754,372.47,27,2,0,3,3,6,0.377,True,0.907
[C][C][N][C][C][N][Branch2][Ring1][O][C][C][=Branch1][C][=O][C][=Branch1][C][=O][N][C][=C][C][=C][N][=C][Ring1][=Branch1][C][=C][C][=C][C][=C][Ring1][=Branch1][Cl][C][Ring2][Ring1][#Branch1],40,True,CCNCCN(CC(=O)C(=O)NC1=CC=CN=C1C2=CC=CC=C2)Cl,CCNCCN(Cl)CC(=O)C(=O)Nc1cccnc1-c1ccccc1,2.322,360.85,25,2,2,2,5,9,0.408,True,0.875
[C][C][=C][C][=C][C][Branch2][Ring1][N][C][=Branch1][C][=O][N][C][C][C][N][Branch1][=C][C][=Branch1][C][=O][C][=C][C][=C][C][=C][Ring1][=Branch1][C][C][C][Ring1][C][=C][Ring2][Ring1][Branch2],41,True,CC1=CC=CC(C(=O)NCCCN(C(=O)C2=CC=CC=C2C)C=C)=C1,C=CN(CCCNC(=O)c1cccc(C)c1)C(=O)c1ccccc1C,3.709,336.44,25,2,2,1,2,7,0.784,True,0.927
[C][C][=C][C][=C][Branch2][Ring1][=N][C][=Branch1][C][=O][N][C][C][C][=Branch1][C][=O][N][Branch1][O][C][C][=C][C][=C][C][=C][Ring1][=Branch1][C][C][C][Ring1][Ring1][C][=C][Ring2][Ring1][Branch2],41,True,CC1=CC=C(C(=O)NCCC(=O)N(CC2=CC=CC=C2C3)CC3)C=C1,Cc1ccc(C(=O)NCCC(=O)N2CCCc3ccccc3C2)cc1,3.09,336.44,25,3,2,1,2,4,0.933,True,0.951
[C][C][=C][C][=C][Branch2][Ring1][#C][C][=Branch1][C][=O][N][C][C][C][NH1+1][#C][S][C][C][=Branch1][C][=O][N][C][C][O][C][C][Ring1][=Branch1][C][C][C][Ring1][#C][C][=C][Ring2][Ring1][#Branch1],42,True,CC=CC=C(C(=O)NCCC[NH1+1]=CSCC(=O)N1CCOCC1CCCC)C,CC=CC=C(C)C(=O)NCCC[NH+]=CSCC(=O)N1CCOCC1CCCC,1.275,410.6,28,1,0,2,4,12,0.167,True,0.857
[C][C][=C][C][=C][Branch2][Ring1][#Branch2][C][=Branch1][C][=O][N][Branch1][#Branch2][C][C][=C][C][=C][C][=C][Ring1][=Branch1][C][C@@H1][=C][C][C][C][=C][S][Ring2][Branch1][C][=C][Ring2][Ring1][#Branch1],39,True,C1C2=CC=C(C(=O)N(CC3=CC=CC=C3)C[C@@H1]=CCCC=CS1)C2,O=C1C2=CC=C(CSC=CCCC=CCN1Cc1ccccc1)C2,4.869,337.49,24,3,1,0,2,2,0.718,True,0.872
[C][C][C][O][C][=C][C][=C][C][Branch2][Ring1][#Branch2][N][C][=Branch1][C][=O][C@@H1][Branch1][#Branch2][C][=C][C][=C][C][=C][Ring1][=Branch1][O][C][=C][C][=N][C][=C][Ring1][=Branch1][=C][Ring2][Ring1][Branch2],41,True,CCCOC=CC=CC(NC(=O)[C@@H1](C1=CC=CC=C1O)C2=CC=NC=C2)=C,C=C(C=CC=COCCC)NC(=O)[C@H](c1ccncc1)c1ccccc1O,4.046,364.45,27,2,2,2,4,9,0.4,True,0.902
[C][O][C][=C][C][=C][C][Branch2][Ring1][=C][N][C][=Branch1][C][=O][N][C][C][N][Branch1][#C][C][=Branch1][C][=O][C][=C][C][=C][Branch1][C][F][C][=C][Ring1][#Branch1][C][C][Ring1][=C][=O][=C][Ring2][Ring1][Branch2],45,True,COC=CC=CC(NC(=O)NC1CN(C(=O)C2=CC=C(F)C=C2)CC1)=O,COC=CC=CC(=O)NC(=O)NC1CCN(C(=O)c2ccc(F)cc2)C1,1.582,361.37,26,2,1,2,4,5,0.474,True,0.889
[C][C][C][=C][C][=C][Branch2][Ring1][#C][N][C][=Branch1][C][=O][C][=Branch1][C][=O][C@@H1][Branch1][C][C][N][C][=Branch1][C][=O][C][=C][C][=C][Branch1][C][F][C][=C][Ring1][#Branch1][C][=C][Ring2][Ring1][Branch2],43,True,CC1C=CC=C(NC(=O)C(=O)[C@@H1](C)NC(=O)C2=CC=C(F)C=C2C)C1,Cc1cc(F)ccc1C(=O)N[C@H](C)C(=O)C(=O)NC1=CC=CC(C)C1,2.418,344.39,25,2,1,2,3,5,0.806,True,0.953
[C][C][=C][C][=C][Branch2][Ring1][O][C][N][C][=Branch1][C][=O][N][C][C][N][Branch1][#Branch2][C][C][=C][C][=C][C][=C][Ring1][=Branch1][C][C][Ring1][=N][=O][C][=C][Ring2][Ring1][Branch1][C][=C][Ring2][Ring1][=Branch2],44,True,CC=C1C=C(CNC(=O)N2CCN(CC3=CC=CC=C3)CC2=O)C=CC=C1,CC=C1C=CC=CC(CNC(=O)N2CCN(Cc3ccccc3)CC2=O)=C1,3.039,363.46,27,3,1,1,3,4,0.895,True,0.932
[C][C][=C][C][=C][Branch2][Ring1][=Branch2][C][=Branch1][C][=O][N][C][C][C][N][Branch1][#Branch2][C][=NH1+1][C][=N][C][=C][Ring1][=Branch1][C][C][C][Ring1][Ring1][C][=C][Ring2][Ring1][=Branch1],37,True,CC1=CC=C(C(=O)NCCCN(C2=[NH1+1]C=NC=C2C3)CC3)C=C1,Cc1ccc(C(=O)NCCCN2CCCc3cnc[nH+]c32)cc1,1.777,311.41,23,3,2,1,3,5,0.856,True,0.946
[C][C][=C][C][=C][Branch2][Ring1][=N][N][C][=Branch1][C][=O][C][C][C][C][N][Branch1][=N][C][=Branch1][C][=O][C][=C][C][=C][C][=N][Ring1][=Branch1][C][C][Ring1][=C][C][S][Ring2][Ring1][Branch2],41,True,CC1=CC=C(NC(=O)CC2CCN(C(=O)C3=CC=CC=N3)CC2)CS1,CC1=CC=C(NC(=O)CC2CCN(C(=O)c3ccccn3)CC2)CS1,2.975,357.48,25,3,1,1,4,4,0.9,True,1.0
[C][C][=C][C][=C][Branch2][Ring1][=N][C][C][=Branch1][C][=O][N][C][C][C][N][Branch1][=C][C][=Branch1][C][=O][C][=C][C][=C][N][=C][Ring1][=Branch1][C][C][Ring1][#C][C][=C][Ring2][Ring1][Branch2],41,True,CC1=CC=C(CC(=O)N2CCCN(C(=O)C3=CC=CN=C3C)C2)C=C1,Cc1ccc(CC(=O)N2CCCN(C(=O)c3cccnc3C)C2)cc1,2.573,337.42,25,3,2,0,3,3,0.865,True,1.0
[C][C][=C][C][=C][Branch2][Ring1][=C][C][=Branch1][C][=O][N][C][C][Branch1][C][C][Branch1][C][C][C][=Branch1][C][=O][N][C][C][C][Branch1][Branch1][C][C][C][Ring1][#Branch1][C][=C][Ring2][Ring1][Branch2],41,True,C1C=CC=C(C(=O)NCC(C)(C)C(=O)N2CCC(CCC2)C)C1,CC1CCCN(C(=O)C(C)(C)CNC(=O)C2=CC=CCC2)CC1,3.054,318.46,23,2,0,1,2,4,0.866,True,0.951
[C][C][=C][C][=C][Branch2][Ring1][=N][C][=Branch1][C][=O][N][C][C][N][Branch1][O][C][=Branch1][C][=O][C][C][O][Ring1][#N][Ring1][C][C][=Branch1][C][=O][C][Ring1][#C][C][=C][Ring2][Ring1][Branch1],41,True,CC1=CC=C(C(=O)NCCN(C(=O)CC=O)CC(=O)C)C=C1,CC(=O)CN(CCNC(=O)c1ccc(C)cc1)C(=O)CC=O,0.731,304.35,22,1,1,1,4,8,0.567,True,0.854
[C][C][=N][C][=C][C][Branch2][Ring1][=N][C][=Branch1][C][=O][N][C][C][C][N][Branch1][=C][C][=Branch1][C][=O][C][=C][C][=C][C][=C][Ring1][=Branch1][F][C][C][Ring1][S][=N][NH1][Ring2][Ring1][=Branch2],42,True,CC1=NC=CC(C(=O)N2CCCN(C(=O)C3=CC=CC=C3F)CC2)=N[NH1]1,CC1=NC=CC(C(=O)N2CCCN(C(=O)c3ccccc3F)CC2)=NN1,1.392,357.39,26,3,1,1,5,2,0.869,True,1.0
[C][C][=C][C][=C][C][Branch2][Ring1][=N][C][=Branch1][C][=O][N][C][C][C][Branch1][S][O][C][C][=Branch1][C][=O][N][Branch1][=Branch1][C][C][C][C][C][C][Ring1][=C][=C][Ring2][Ring1][=Branch1],40,True,C12C=CC=CC2C(=O)NCCC1(OCC(=O)N(CCCCC)C)C,CCCCCN(C)C(=O)COC1(C)CCNC(=O)C2C=CC=CC21,2.289,334.46,24,2,0,1,3,7,0.727,True,0.9
[C][C][=Branch1][C][=O][C][=C][C][=C][Branch2][Ring1][Branch2][N][C][=Branch1][C][=O][N][C][C][N][Branch1][#Branch2][C][C][=C][N][=C][N][Ring1][Branch1][C][C][Ring1][N][C][=C][Ring2][Ring1][Branch1],40,True,CC(=O)C1=CC=C(NC(=O)N2CCN(CC3=CN=CN3C)C2)C=C1,CC(=O)c1ccc(NC(=O)N2CCN(Cc3cncn3C)C2)cc1,1.93,327.39,24,3,2,1,5,4,0.871,True,1.0
[C][C][#C][C][=C][C][=C][C][Branch2][Ring1][N][N][C][=Branch1][C][=O][C][NH1+1][C][C][N][Branch1][=Branch2][C][=C][C][=C][C][=C][Ring1][=Branch1][C][C][C][Ring1][=N][=O][=C][Ring2][Ring1][Branch2],41,True,C1C#CC=CC=CC1NC(=O)C[NH1+1]2CCN(C3=CC=CC=C3)CCC2=O,O=C(C[NH+]1CCN(c2ccccc2)CCC1=O)NC1C=CC=CC#CC1,0.313,350.44,26,3,1,2,3,4,0.769,True,0.902
[C][#C][C][=C][C][=C][Branch2][Ring1][N][C][=Branch1][C][=O][N][C][C][C][N][Branch1][=Branch2][C][=C][C][=C][C][=C][Ring1][=Branch1][C][C][Ring1][O][C][C][Ring1][Ring2][C][=C][Ring2][Ring1][#Branch1],41,True,C#CC1=CC=C(C(=O)NCC2CN(C3=CC=CC=C3)C4C2CC4)C=C1,C#Cc1ccc(C(=O)NCC2CN(c3ccccc3)C3CCC23)cc1,3.313,330.43,25,4,2,1,2,4,0.872,True,1.0
[C][C][=C][C][=C][Branch2][Ring1][=N][C][=Branch1][C][=O][N-1][C][=N][C][=C][Branch1][#C][C][=Branch1][C][=O][N][C][C@@H1][C][C][C][C][C][Ring1][=Branch1][S][Ring1][=C][C][=C][Ring2][Ring1][Branch2],41,True,CC1=CC=C(C(=O)[N-1]C=NC=C(C(=O)NC[C@@H1]2CCCCC2)S)C=C1,Cc1ccc(C(=O)[N-]C=NC=C(S)C(=O)NCC2CCCCC2)cc1,4.005,358.49,25,2,1,2,4,6,0.349,True,0.951
[C][O][C][=C][C][=C][C][Branch2][Ring1][=N][N][C][=Branch1][C][=O][N][C@H1][C][=Branch1][C][=O][N][C][=C][Branch1][#Branch2][C][=C][C][=C][C][=C][Ring1][=Branch1][C][C][Ring1][=C][=O][=C][Ring2][Ring1][=Branch2],43,True,COC=CC=CC(NC(=O)N[C@H1]1C(=O)NC=C(C2=CC=CC=C2C)C1)=O,COC=CC=CC(=O)NC(=O)N[C@@H]1CC(c2ccccc2C)=CNC1=O,1.767,355.39,26,2,1,3,4,5,0.426,True,0.837
[C][C][=C][C][=C][C][Branch2][Ring1][=C][N][C][=Branch1][C][=O][C][C][C][C][N][Branch1][#C][C][C][=Branch1][C][=O][N][C][C@H1][Branch1][C][C][C][C][C][Ring1][Ring1][=C][Ring2][Ring1][#Branch1],41,True,C1C=CC=CC1NC(=O)CCC2CN2CC(=O)NC[C@H1](C)CCC,CCC[C@@H](C)CNC(=O)CN1CC1CCC(=O)NC1C=CC=CC1,2.004,333.48,24,2,0,2,3,10,0.601,True,0.829
[C][#C][C][C][C][N][Branch2][Ring1][N][C][=Branch1][C][=O][N][C][C][C][C@H1][Branch1][=N][C][=C][C][=C][C][Branch1][C][F][=C][Ring1][#Branch1][C][C][C][Ring1][=N][C][C][Ring2][Ring1][#Branch1],41,True,C#CC1CCN(C(=O)NCC2C[C@H1](C3=CC=CC(F)=C3C)CC2)CC1,C#CC1CCN(C(=O)NCC2CC[C@@H](c3cccc(F)c3C)C2)CC1,4.073,342.46,25,3,1,1,1,3,0.825,True,1.0
[C][C][=C][C][=C][Branch2][Ring1][=N][S][=Branch1][C][=O][=Branch1][C][=O][N][C][C][C][C][C@@H1][Ring1][Branch1][Branch1][C][C][C][=C][C][=C][Branch1][C][C][S][Ring1][=Branch1][C][=C][Ring2][Ring1][Branch2],41,True,C1C=CC=C(S(=O)(=O)NC2CCC[C@@H1]2CCC3=CC=C(C)S3)C=C1,Cc1ccc(CC[C@H]2CCCC2NS(=O)(=O)C2=CC=CCC=C2)s1,4.477,363.55,24,3,1,1,3,6,0.81,True,0.927
[C][C][=C][C][=C][C][Branch2][Ring1][#Branch2][C][=Branch1][C][=O][C][=Branch1][C][=O][N][Ring1][#Branch1][C][C][C][C][Branch1][C][C][Branch1][C][C][C][C][S][O][Ring1][Branch1][=C][Ring2][Ring1][Branch1],40,True,CC1=CC=C2C1(C(=O)C(=O)N2CCCC(C)(C)CCSO)C,CC1=CC=C2N(CCCC(C)(C)CCSO)C(=O)C(=O)C12C,3.651,323.46,22,2,0,1,4,7,0.574,True,0.925
[C][C][=C][C][=C][Branch2][Ring1][=C][C][=Branch1][C][=O][N][Branch1][C][C][C][=N][C][=C][C][=C][Ring1][=Branch1][C][=Branch1][C][=O][N][C][C][C][C][C][Ring1][Branch1][C][=C][Ring2][Ring1][#Branch2],41,True,C1C=CC=C(C(=O)N(C)C2=NC=CC=C2C(=O)NC3CCCC3C)C1,CC1CCCC1NC(=O)c1cccnc1N(C)C(=O)C1=CC=CCC1,3.239,339.44,25,3,1,1,3,4,0.916,True,0.902
[C][C][=C][C][=C][C][Branch2][Ring1][=Branch2][N][C][C][N][Branch1][#Branch2][C][C][=C][C][=C][N][=C][Ring1][=Branch1][C@@H1][Branch1][C][C][C][C][Ring1][#C][C][=C][Ring2][Ring1][#Branch1][O],38,True,C1C=CC=CC(N2CCN(CC3=CC=CN=C3)[C@@H1](C)CC2C)=C1O,CC1C[C@H](C)N(Cc2cccnc2)CCN1C1=C(O)CC=CC=C1,3.652,325.46,24,3,1,1,4,3,0.921,True,0.947
[C][C][=C][C][=C][C][Branch2][Ring1][=N][C][C][C][N][C][=Branch1][C][=O][C][C][C][C][N][Branch1][=Branch2][C][=N][C][=C][C][=C][Ring1][=Branch1][C][C][Ring1][N][=C][Ring2][Ring1][#Branch1],40,True,C1C=CC=CC1CCCNC(=O)CC2CCN(C3=NC=CC=C3)CC2=C,C=C1CN(c2ccccn2)CCC1CC(=O)NCCCC1C=CC=CC1,3.883,351.49,26,3,1,1,3,7,0.599,True,0.9
[C][C][Branch1][C][C][C][NH1+1][C][C][N][Branch2][Ring1][Branch2][C][=Branch1][C][=O][C][C][C][NH1+1][Branch1][#Branch2][C][C][=C][C][=C][C][=C][Ring1][=Branch1][C][C][Ring1][=N][C][C][Ring2][Ring1][=Branch1],41,True,CC(C)C1[NH1+1]CCN(C(=O)C2CC[NH1+1](CC3=CC=CC=C3)CC2)CC1,CC(C)C1CCN(C(=O)C2CC[NH+](Cc3ccccc3)CC2)CC[NH+]1,0.088,344.52,25,3,1,2,2,4,0.798,True,1.0
[C][C][=Branch1][C][=O][C][=C][C][=C][Branch2][Ring1][#Branch2][C][N][C][=Branch1][C][=O][N][C][C][C][N][Branch1][=Branch2][C][=C][C][=C][C][=N][Ring1][=Branch1][C][C][Ring1][N][C][=C][Ring2][Ring1][#Branch1],42,True,CC(=O)C1=CC=C(CNC(=O)NC2CCN(C3=CC=CC=N3)CC2)C=C1,CC(=O)c1ccc(CNC(=O)NC2CCN(c3ccccn3)CC2)cc1,2.752,352.44,26,3,2,2,4,5,0.812,True,1.0
[C][C][=C][C][=C][Branch2][Ring1][=N][C][=Branch1][C][=O][N][C][C][N][C][C][C@H1][Branch1][=N][C][=C][C][=C][Branch1][C][F][C][=C][Ring1][#Branch1][C][C][Ring1][=N][C][=C][Ring2][Ring1][Branch2],41,True,CC1=CC=C(C(=O)NCCN2CC[C@H1](C3=CC=C(F)C=C3C)C2)C=C1,Cc1ccc(C(=O)NCCN2CC[C@H](c3ccc(F)cc3C)C2)cc1,3.662,340.44,25,3,2,1,2,5,0.901,True,1.0
[C][C][=C][C][=C][C][Branch2][Ring1][=N][O][C][C][=Branch1][C][=O][N][C][C][C][NH1+1][Branch1][N][C][C][C][=C][C][=C][C][=C][Ring1][=Branch1][C][C][Ring1][=N][C][=C][Ring2][Ring1][=Branch2],41,True,CC=C1C=CC(OCC(=O)NCC2C[NH1+1](CCC3=CC=CC=C3C)C2C)=C1,CC=C1C=CC(OCC(=O)NCC2C[NH+](CCc3ccccc3C)C2C)=C1,1.974,367.51,27,3,1,2,2,8,0.738,True,1.0
[C][C][=C][C][=C][Branch2][Ring1][=N][C][=Branch1][C][=O][N][C][C][Branch1][C][C][Branch1][C][C][C][C][=Branch1][C][=O][N][C][Branch1][NH1+1][C][C][C][O][Ring1][=Branch1][C][=C][Ring2][Ring1][Branch2],41,True,C1C=CC=C(C(=O)NCC(C)(C)CC(=O)N2C(C)CCO2)C=C1,CC1CCON1C(=O)CC(C)(C)CNC(=O)C1=CC=CCC=C1,2.514,318.42,23,2,0,1,3,5,0.847,True,0.854
[C][C][=C][C][=C][C][Branch2][Ring1][=N][N][C][=Branch1][C][=O][C][C][C][C@H1][Branch1][=C][C][C][C][=C][C][=C][C][=C][Ring1][=Branch1][C][C][C][Ring1][Ring1][C][=C][Ring2][Ring1][Branch2],40,True,C1C=CC=CC1NC(=O)CC2C[C@H1]2CCC3=CC=CC=C3CCC,CCCc1ccccc1CC[C@@H]1CC1CC(=O)NC1C=CC=CC1,4.599,323.48,24,3,1,1,1,8,0.744,True,0.8
[C][C][C][C][=N][C][Branch2][Ring1][=N][C][=Branch1][C][=O][N][C][C][C][C@@H1][Branch1][#C][C][=Branch1][C][=O][N][C][C@H1][C][C][C][O][Ring1][Branch1][C][Ring1][S][=C][S][Ring2][Ring1][#Branch1],41,True,C12CCC=NC(C(=O)NCCC[C@@H1]1C(=O)NC[C@H1]3CCCO3)S2,O=C1NCCC[C@H](C(=O)NC[C@H]2CCCO2)C2CCC=NC1S2,1.1,339.46,23,3,0,2,5,3,0.807,True,0.829
[C][O][C][=C][C][=C][Branch2][Ring1][#C][N][C][=Branch1][C][=O][C][C][C][C][Branch1][#C][N][C][=Branch1][C][=O][C][=C][C][=C][C][=C][Ring1][=Branch1][C][C][C][Ring1][#C][C][=C][Ring2][Ring1][=Branch2],43,True,COC1=CC=C(NC(=O)CC2CC(NC(=O)C3=CC=CC=C3C)CC2C)C1,COC1=CC=C(NC(=O)CC2CC(NC(=O)c3ccccc3C)CC2C)C1,3.464,368.48,27,3,1,2,3,6,0.808,True,1.0
[C][C][=C][C][=C][C][Branch2][Ring1][=C][C][N][C][=Branch1][C][=O][N][C][C][N][Branch1][#Branch2][C][=C][C][=C][C][=C][Ring1][=Branch1][C][#N][C][C][C][Ring2][Ring1][C][=Branch2][=C][Ring2][Ring1][Branch2],42,True,CC=CC=CCCN1C(=O)NCCN(C2=CC=C3C=C2C)NCCC13,CC=CC=CCCN1C(=O)NCCN2NCCC1c1ccc2c(C)c1,3.298,340.47,25,4,1,2,3,4,0.827,True,0.833
[C][C][=C][C][=C][Branch2][Ring1][#Branch2][C][=Branch1][C][=O][N][C][C][C][N][Branch1][N][C][=Branch1][C][=O][C@@H1][C][C][C][O][Ring1][Branch1][C][C][Ring1][=N][C][=C][Ring2][Ring1][=Branch1][O][C],41,True,CC1=CC=C(C(=O)NC2CCN(C(=O)[C@@H1]3CCCO3)CC2)C=C1OC,COc1cc(C(=O)NC2CCN(C(=O)[C@@H]3CCCO3)CC2)ccc1C,1.903,346.43,25,3,1,1,4,4,0.904,True,1.0
[C][C][=C][C][=C][Branch2][Ring1][=N][C][=Branch1][C][=O][N][C][C][C][C@H1][Branch1][P][C][N][C][=Branch1][C][=O][N][C][C][C][C][C][Ring1][=Branch1][C][Ring1][#C][C][=C][Ring2][Ring1][Branch2],41,True,CC1=CC=C(C(=O)NC2CC[C@H1]CNC(=O)N3CCCCC3C2)C=C1,Cc1ccc(C(=O)NC2CC[CH]CNC(=O)N3CCCCC3C2)cc1,3.046,342.46,25,3,1,2,2,2,0.868,True,0.951
[C][C][=C][C][=C][C][Branch2][Ring1][=N][N][C][=Branch1][C][=O][C][N][C][=Branch1][C][=O][N][C][C][C][=Branch1][C][=O][N][C][Branch1][C][C][C][C][C][C][Ring1][Branch2][=C][Ring2][Ring1][#Branch1],42,True,CC=CC1=CC(NC(=O)CNC(=O)NCCC(=O)NC(C)CCCC)=C1,CC=CC1=CC(NC(=O)CNC(=O)NCCC(=O)NC(C)CCCC)=C1,1.887,362.47,26,1,0,4,3,11,0.452,True,0.952
[C][C][=C][C][=C][Branch2][Ring1][=C][C][=Branch1][C][=O][N][C][C][C][Branch1][P][C][N][C][=Branch1][C][=O][C@H1][C][C][O][C][O][Ring1][#Branch1][C][C][Ring1][S][C][=N][Ring2][Ring1][#Branch1],41,True,C12C=CC=C(C(=O)NCCC1(CNC(=O)[C@H1]CCOCO)C)N2,CC1(CNC(=O)[CH]CCOCO)CCNC(=O)C2=CC=CC1N2,-0.399,322.39,23,2,0,4,5,7,0.378,True,0.829
[C][C][=C][C][=C][Branch2][Ring1][=N][C][N][C][=Branch1][C][=O][N][C][C][C][NH1+1][C][C][N][Branch1][=Branch2][C][=C][C][=C][C][=C][Ring1][=Branch1][C][C][Ring1][=N][C][=C][Ring2][Ring1][=Branch2],41,True,CC=C1C=C(CNC(=O)NCCC2[NH1+1]CCN(C3=CC=CC=C3)CC2)C=C1,CC=C1C=CC(CNC(=O)NCCC2CCN(c3ccccc3)CC[NH+]2)=C1,1.746,366.51,27,3,1,3,3,6,0.718,True,1.0
[C][#C][C][=C][C][=C][Branch2][Ring1][N][C][=Branch1][C][=O][N][C][C][C][N][Branch1][=N][C][=Branch1][C][=O][C][=C][C][=C][C][=C][Ring1][=Branch1][C][C][Ring1][=N][C][=C][Ring2][Ring1][=Branch2],41,True,C1#CC=CC=C(C(=O)NCC2CN(C(=O)C3=CC=CC=C3)CC2)C=C1,O=C(NCC1CCN(C(=O)c2ccccc2)C1)C1=CC=CC#CC=C1,2.321,332.4,25,3,1,1,2,4,0.86,True,0.927
[C][#C][C][C][=C][C][=C][Branch2][Ring1][N][C][=Branch1][C][=O][N][C][C][N][Branch1][=C][C][C][O][C][=C][C][=C][C][=C][Ring1][=Branch1][Cl][C][C][Ring1][#C][C][=C][Ring2][Ring1][Branch2],41,True,C#CC1C=CC=C(C(=O)N2CCN(CCOC3=CC=CC=C3Cl)C2C)C1,C#CC1C=CC=C(C(=O)N2CCN(CCOc3ccccc3Cl)C2C)C1,3.345,370.88,26,3,1,0,3,5,0.745,True,0.976
[C][O][C][=C][C][=C][C][Branch2][Ring1][=Branch2][C][N][C][=Branch1][C][=O][C][=C][C][=C][Branch1][=Branch2][C][=C][C][=C][N][=C][Ring1][=Branch1][C][=C][Ring1][N][C][=C][Ring2][Ring1][#Branch1][O][C],41,True,COC1=CC=CC(CNC(=O)C2=CC=C(C3=CC=CN=C3)C=C2)C=C1OC,COC1=CC=CC(CNC(=O)c2ccc(-c3cccnc3)cc2)C=C1OC,3.725,362.43,27,3,2,1,4,6,0.851,True,1.0
[C][C][=C][C][=C][C][Branch2][Ring1][=N][C][C][=Branch1][C][=O][N][C][C][Branch1][Branch1][Branch1][C][=C][Branch1][C][C][N][=Ring1][=Branch1][C][N][Branch1][C][C][C][C][Ring1][=Branch1][=C][Ring2][Ring1][#Branch2],41,True,C1C=CC=CC(CC(=O)NC=2C(C=CC)N=2)=C1,CC=CC1N=C1NC(=O)CC1=CCC=CC=C1,2.292,228.3,17,2,0,1,2,3,0.74,True,0.561
[C][C][=C][C][=N][C][Branch2][Ring1][N][N][C][=Branch1][C][=O][C][=C][C][=C][C][Branch1][N][O][O][C][=C][C][=C][C][=C][Ring1][=Branch1][C][=C][Ring1][=N][=O][N][Ring2][Ring1][=Branch2],40,True,CC1=CC=NC(NC(=O)C=CC2=CC(OOC3=CC=CC=C3C)=C2O)N1,CC1=CC=NC(NC(=O)C=CC2=CC(OOc3ccccc3C)=C2O)N1,2.549,353.38,26,3,1,3,6,6,0.415,True,1.0
[C][C][=C][C][=C][Branch2][Ring1][=C][C][=Branch1][C][=O][N][C][C][C][=Branch1][C][=O][N][Branch1][#Branch2][C][C][=C][C][=C][C][=C][Ring1][=Branch1][C][C][Ring2][Ring1][C][C][=C][Ring2][Ring1][=Branch2],41,True,C1C=CC=C(C(=O)NCCC(=O)N(CC2=CC=CC=C2)CCC)C1,CCCN(Cc1ccccc1)C(=O)CCNC(=O)C1=CC=CCC1,3.208,326.44,24,2,1,1,2,8,0.797,True,0.829
[C][C][=C][C][=C][C][Branch2][Ring1][N][N][C][=Branch1][C][=O][C][=Branch1][C][=O][C][=C][C][=C][C][=C][Ring1][=Branch1][O][C][C][C][C][C][C][Ring1][=Branch1][C][=C][Ring2][Ring1][#Branch2],40,True,C1C=CC=CC(NC(=O)C(=O)C2=CC=CC=C2OC3CCCCC3C)=C1,CC1CCCCC1Oc1ccccc1C(=O)C(=O)NC1=CCC=CC=C1,4.343,351.45,26,3,1,1,3,5,0.634,True,0.9
[C][C][=Branch1][C][=O][N][C][=C][C][=C][Branch2][Ring1][Branch2][N][C][=Branch1][C][=O][N][C][C][N][Branch1][=Branch2][C][=C][C][=C][C][=C][Ring1][=Branch1][C][C][Ring1][N][C][=C][Ring2][Ring1][Branch1],41,True,CC(=O)NC1=CC=C(NC(=O)N2CCN(C3=CC=CC=C3)CC2)C=C1,CC(=O)Nc1ccc(NC(=O)N2CCN(c3ccccc3)CC2)cc1,2.999,338.41,25,3,2,2,3,3,0.904,True,1.0
[C][C][=C][C][=C][C][Branch2][Ring1][=N][C][=Branch1][C][=O][N][C][=Branch1][C][=O][C][=C][C][Branch1][C][Cl][=C][C][=C][Ring1][#Branch1][N][C][C][NH1][=C][Ring1][Branch1][C][=C][Ring2][Ring1][Branch2],41,True,CC1=CC=CC(C(=O)NC(=O)C2=CC(Cl)=CC=C2N3CC[NH1]C3C)=C1,Cc1cccc(C(=O)NC(=O)c2cc(Cl)ccc2N2CCNC2C)c1,2.974,357.84,25,3,2,2,4,3,0.829,True,1.0
[C][C][=C][C][=C][Branch2][Ring1][=N][C][=Branch1][C][=O][N][C][C][C][C][=Branch1][C][=O][C][Branch1][=Branch2][C][=C][C][=C][C][=C][Ring1][=Branch1][C][C][C][Ring1][Ring1][C][=C][Ring2][Ring1][=Branch2][O][C],43,True,C1C=CC=C(C(=O)NCCCC(=O)C(C2=CC=CC=C2)C3CC3)C=C1OC,COC1=CC(C(=O)NCCCC(=O)C(c2ccccc2)C2CC2)=CC=CC1,4.062,365.47,27,3,1,1,3,9,0.672,True,1.0
[C][#C][C][=C][C][=C][Branch2][Ring1][N][N][C][=Branch1][C][=O][C][C][C][N][Branch1][=C][C][=Branch1][C][=O][C][=C][C][=C][C][=C][Ring1][=Branch1][Cl][C][C][Ring1][=C][C][=C][Ring2][Ring1][Branch2],42,True,C#CC1=CC=C(NC(=O)CC2CN(C(=O)C3=CC=CC=C3Cl)CC2)C=C1,C#Cc1ccc(NC(=O)CC2CCN(C(=O)c3ccccc3Cl)C2)cc1,3.812,366.85,26,3,2,1,2,4,0.836,True,1.0
[C][C][=C][C][=C][C][Branch2][Ring1][N][C][N][C][C][N][Branch1][S][C][=Branch1][C][=O][C][O][C][=C][C][=C][C][=C][Ring1][=Branch1][C][C][Ring1][S][C][S][=C][Ring2][Ring1][=Branch2],40,True,CC1=CC=CC(CN2CCN(C(=O)COC3=CC=CC=C3C)C2CS)=C1,Cc1cccc(CN2CCN(C(=O)COc3ccccc3C)C2CS)c1,3.283,370.52,26,3,2,1,4,6,0.792,True,1.0
[C][C][=C][C][=C][C][Branch2][Ring1][=N][C][=Branch1][C][=O][N][C][C][C][N][Branch1][=N][C][=Branch1][C][=O][C][Branch1][C][Ring1][#N][Branch1][C][O][O][C][Ring1][=C][=C][Ring2][Ring1][#Branch1],40,True,C1C=CC=CC21C(=O)NCCCN(C(=O)CO)OC2=C,C=C1ON(C(=O)CO)CCCNC(=O)C12C=CC=CC2,0.275,278.31,20,2,0,2,4,1,0.722,True,0.75
[C][C][=C][C][=C][Branch2][Ring1][#C][C][=Branch1][C][=O][N][Branch1][=C][C][C][=Branch1][C][=O][C][=C][C][=C][N][=C][Ring1][=Branch1][N][C][C][C][C][C][Ring1][Branch1][C][=C][Ring2][Ring1][=Branch2],41,True,C1C=CC=C1C(=O)N(CC(=O)C2=CC=CN=C2)NC3CCCC3C=C,C=CC1CCCC1NN(CC(=O)c1cccnc1)C(=O)C1=CC=CC1,2.839,337.42,25,3,1,1,4,7,0.472,True,0.902
[C][C][=C][C][=C][C][Branch2][Ring1][=N][O][C@@H1][Branch1][C][C][C][=Branch1][C][=O][N][Branch1][C][C][C][C][C][=C][C][=C][C][=C][Ring1][=Branch1][C][#N][O][Ring1][=Branch2][C][=C][Ring2][Ring1][=Branch2],42,True,C1C=CC=CC(O[C@@H1](C)C(=O)N(C)CCC2=CC=CC=C2C#N)C=C1,C[C@H](OC1C=CC=CCC=C1)C(=O)N(C)CCc1ccccc1C#N,3.405,336.44,25,2,1,0,3,6,0.748,True,0.833
[N][C][=Branch1][C][=O][C][=C][C][=C][Branch2][Ring1][Branch2][N][C][=Branch1][C][=O][C@H1][C][C][C][N][Branch1][=Branch2][C][=C][C][=N][C][=C][Ring1][=Branch1][C][Ring1][N][C][=C][Ring2][Ring1][Branch1],40,True,NC(=O)C1=CC=C(NC(=O)[C@H1]2CCCN(C3=CC=NC=C3)C2)C=C1,NC(=O)c1ccc(NC(=O)[C@H]2CCCN(c3ccncc3)C2)cc1,2.036,324.38,24,3,2,2,4,4,0.901,True,1.0
[C][C][=C][C][=C][Branch2][Ring1][P][C][=Branch1][C][=O][N][C][C][=Branch1][C][=O][N][C][C][C][N][Branch1][O][C][=C][C][=C][C][=C][Ring1][=Branch1][C][#N][C][C][C][Ring1][=N][C][=C][Ring2][Ring1][=Branch2],45,True,CC=CC=C(C(=O)NCC(=O)NCCC1N(C2=CC=CC=C2C#N)CCC1)C=C,C=CC(=CC=CC)C(=O)NCC(=O)NCCC1CCCN1c1ccccc1C#N,2.838,392.5,29,2,1,2,4,9,0.5,True,0.867
[C][C][=C][C][=C][C][Branch2][Ring1][=N][N][C][=Branch1][C][=O][C][=Branch1][C][=O][N][C][C][C][C@H1][Branch1][=Branch1][NH1+1][C][Ring1][Ring1][Ring1][C][Ring1][NH2+1][C][Ring1][Ring1][Ring1][=C][Ring2][Ring1][Branch2],41,True,C1C=CC=CC(NC(=O)C(=O)NCCC[C@H1]2[NH1+1]=C2)=C1,O=C(NCCC[C@@H]1C=[NH+]1)C(=O)NC1=CCC=CC=C1,-1.067,260.32,19,2,0,3,2,5,0.435,True,0.659
[C][C][=C][C][=C][Branch2][Ring1][#Branch1][C][=Branch1][C][=O][N][C][C][=Branch1][C][=O][N][C][=C][C][=C][C][Branch1][C][Cl][=C][Ring1][#Branch1][N][=C][C][Ring2][Ring1][Ring2][=C][Ring2][Ring1][#Branch1],40,True,C1C=C2C=C(C(=O)NCC(=O)NC3=CC=CC(Cl)=C3)N=CC2=C1,O=C(CNC(=O)c1cc2c(cn1)=CCC=2)Nc1cccc(Cl)c1,1.068,327.77,23,3,2,2,3,4,0.882,True,0.95
[C][C][=C][C][=C][C][Branch2][Ring1][O][C@@H1][Branch1][C][C][C][=Branch1][C][=O][N][C][C][N][Branch1][#Branch2][C][=C][C][=N][C][=C][Ring1][=Branch1][C][C][Ring1][N][=O][=C][Ring2][Ring1][#Branch1],40,True,CC=CC=CC([C@@H1](C)C(=O)N1CCN(C2=CC=NC=C2C)C1)=O,CC=CC=CC(=O)[C@@H](C)C(=O)N1CCN(c2ccncc2C)C1,2.334,313.4,23,2,1,0,4,5,0.476,True,0.875
[C][C][=C][C][=C][C][Branch2][Ring1][Branch2][C@H1][Branch1][C][C][N][C][=Branch1][C][=O][C@H1][Branch1][Ring1][C][#N][C][=C][C][=C][C][=C][Ring1][=Branch1][=C][C][Branch1][Ring1][O][C][=C][Ring2][Ring1][#Branch1],41,True,CC=C1C=CC([C@H1](C)NC(=O)[C@H1](C#N)C2=CC=CC=C2C)C(OC)=C1,CC=C1C=CC([C@H](C)NC(=O)[C@H](C#N)c2ccccc2C)C(OC)=C1,3.77,336.44,25,2,1,1,3,5,0.89,True,1.0
[C][C][=C][C][=C][Branch2][Ring1][S][C@H1][Branch1][Ring1][C][N][C][=Branch1][C][=O][C][=C][C][=C][C][=C][Ring1][=Branch1][N][C][C][=C][C][=C][C][=C][Ring1][=Branch1][C][=C][Ring2][Ring1][=Branch2],40,True,CC1=CC=C[C@H1](CN)C(=O)C2=CC=CC=C2NCC3=CC=CC=C3C=C1,CC1=CC=C[C@H](CN)C(=O)c2ccccc2NCc2ccccc2C=C1,4.586,344.46,26,3,2,2,3,1,0.796,True,0.925
[C][#C][C][C][=C][C][=C][Branch2][Ring1][N][N][C][=Branch1][C][=O][N][C][C][C][NH1+1][Branch1][N][C][C][C][=C][C][=C][C][=N][Ring1][=Branch1][C][C][Ring1][=C][C][=C][Ring2][Ring1][Branch2],41,True,C#CC1C=CC=C(NC(=O)N2CCC[NH1+1](CCC3=CC=CC=N3)C2C)C1,C#CC1C=CC=C(NC(=O)N2CCC[NH+](CCc3ccccn3)C2C)C1,1.364,351.47,26,3,1,2,2,4,0.805,True,0.976
[C][O][C][=C][C][=C][Branch2][Ring1][#C][C][=Branch1][C][=O][N][C][C][C][C][Branch1][=N][C][C][=C][C][=C][C][=C][Ring1][=Branch1][NH1+1][Branch1][C][C][C][C][C][Ring1][#C][C][=C][Ring2][Ring1][=Branch2],43,True,COC1=CC=C(C(=O)NCC2CC(CC3=CC=CC=C3[NH1+1]C)CCC2C)C1,C[NH+]c1ccccc1CC1CCC(C)C(CNC(=O)C2=CC=C(OC)C2)C1,2.869,368.52,27,3,1,2,3,7,0.778,True,1.0
[C][C][=C][C][=C][Branch2][Ring1][O][C][=Branch1][C][=O][N][C][C][C][N][Branch1][=N][C][=Branch1][C][=O][C][C][C][C][C][C][Ring1][=Branch1][C][C][Ring1][=C][C][=C][Ring2][Ring1][#Branch1],40,True,CC1=CC=C(C(=O)NC2CCN(C(=O)C3CCCCC3)CC2)C=C1,Cc1ccc(C(=O)NC2CCN(C(=O)C3CCCCC3)CC2)cc1,3.296,328.46,24,3,1,1,2,3,0.925,True,1.0
[C][C][=C][C][=C][C][Branch2][Ring1][=Branch2][N][C][=Branch1][C][=O][C@H1][Branch1][C][C][C][=Branch1][C][=O][C][=C][C][=C][Branch1][C][Cl][C][=C][Ring1][#Branch1][C][Branch1][C][Cl][=C][Ring2][Ring1][#Branch1],41,True,C1C=CC=CC(NC(=O)[C@H1](C)C(=O)C2=CC=C(Cl)C=C2)C(Cl)=C1,C[C@@H](C(=O)NC1C=CC=CCC=C1Cl)C(=O)c1ccc(Cl)cc1,4.282,350.25,23,2,1,1,2,4,0.651,True,0.854
[C][C][=C][C][=C][C][Branch2][Ring1][N][N][C][=Branch1][C][=O][C][N][C][=Branch1][C][=O][N][C][=C][C][=C][Branch1][=Branch1][C][=Branch1][C][=O][O-1][C][=C][Ring1][=Branch2][C][=C][Ring2][Ring1][#Branch1],41,True,CC=C1C=CC(NC(=O)CNC(=O)NC2=CC=C(C(=O)[O-1])C=C2)C=C1,CC=C1C=CC(NC(=O)CNC(=O)Nc2ccc(C(=O)[O-])cc2)C=C1,0.729,340.36,25,2,1,3,4,5,0.734,True,1.0
[C][C][=C][C][=C][Branch2][Ring1][N][C@H1][Branch1][C][C][C][=Branch1][C][=O][N][C][C][C@@H1][Branch1][O][C][O][C][=C][C][=C][C][=C][Ring1][=Branch1][Cl][C][Ring1][N][C][=C][Ring2][Ring1][Branch2][F],42,True,CC1=CC=C([C@H1](C)C(=O)NCC[C@@H1](COC2=CC=CC=C2)Cl)NC=C1F,CC1=CC=C([C@H](C)C(=O)NCC[C@H](Cl)COc2ccccc2)NC=C1F,4.06,378.88,26,2,1,2,3,8,0.671,True,0.952
[C][C][=C][C][=C][Branch2][Ring1][=N][C][=Branch1][C][=O][O-1][C][=Branch1][C][=O][N][C][C][=C][N][=N][C][Branch1][=Branch2][C][=C][C][=C][C][=N][Ring1][=Branch1][=N][Ring1][O][C][=C][Ring2][Ring1][#Branch1],42,True,C1C=CC=C(C(=O)[O-1])OC=C1,O=C([O-])C1=CC=CCC=CO1,0.11,151.14,11,1,0,0,3,1,0.534,True,0.357
[C][C][=C][C][=C][C][Branch2][Ring1][=Branch1][O][C][C][=Branch1][C][=O][N][C][C][=N][C][=C][C][=C][C][=C][Ring1][=Branch1][S][Ring1][=Branch2][C][=C][Ring2][Ring1][Ring2][O],36,True,CC=CC1=CC(OCC(=O)NCC2=NC3=CC=CC=C3S2)C=C1O,CC=CC1=CC(OCC(=O)NCc2nc3ccccc3s2)C=C1O,3.256,342.42,24,3,2,2,5,6,0.845,True,1.0
[C][C][=C][C][=C][Branch2][Ring1][=N][N][C][=Branch1][C][=O][N][C][C][C][N][Branch1][=N][C][=N][C][Branch1][C][N][=N][C][=N][Ring1][#Branch1][C][C][Ring1][=N][C][=C][Ring2][Ring1][=Branch1],40,True,CC1=CC=C(NC(=O)N2CCCN(C3=NC(N)=NC=N3)C2C)C1,CC1=CC=C(NC(=O)N2CCCN(c3ncnc(N)n3)C2C)C1,1.255,315.38,23,3,1,2,6,2,0.852,True,0.975
[C][C][Branch1][C][C][C][=C][C][=C][Branch2][Ring1][#Branch2][N][C][=Branch1][C][=O][C][C][C][C][C@H1][Ring1][Branch1][C][=Branch1][C][=O][N][C][C][C][C][C][Ring1][=Branch1][C][=C][Ring2][Ring1][Branch1],41,True,CC(C)C=C1C=C(NC(=O)C2CCC[C@H1]2C(=O)N3CCCCC3C)C1,CC(C)C=C1C=C(NC(=O)C2CCC[C@H]2C(=O)N2CCCCC2C)C1,3.79,344.5,25,3,0,1,2,4,0.843,True,1.0
[C][C][=C][C][=C][Branch2][Ring1][=C][C][=Branch1][C][=O][N][C][C][=Branch1][C][=O][N][C][C][N][Branch1][O][C][=NH1+1][C][=N][C][=N][Ring1][=Branch1][C][C][C][Ring1][N][C][=C][Ring2][Ring1][#Branch2],42,True,C1C=CC=C(C(=O)NCC(=O)NCCN(C2=[NH1+1]C=NC=N2)C)C=C1,CN(CCNC(=O)CNC(=O)C1=CC=CCC=C1)c1ncnc[nH+]1,-0.598,329.38,24,2,1,2,5,7,0.696,True,0.833
[C][C][=C][C][=C][Branch2][Ring1][#C][S][=Branch1][C][=O][=Branch1][C][=O][N][C][C][=Branch1][C][=O][N][C][#Branch2][C][=C][C][=C][C][=C][Ring1][=Branch1][C][C][Ring2][Ring1][Ring1][C][=C][Ring2][Ring1][Branch2],42,True,C1C2=CC=C1S(=O)(=O)NCC(=O)N3CC=CC=C3CC2C=C,C=CC1CC2=CC=CCN2C(=O)CNS(=O)(=O)C2=CC=C1C2,1.608,318.4,22,3,0,1,3,1,0.747,True,0.833
[C][C][C][C][=C][C][=C][Branch2][Ring1][\S][C][C][=Branch1][C][=O][N][C][C][C][Branch1][=N][C][C][C][=Branch1][C][=O][N][C][Branch1][C][C][C][C][Ring1][=N][C][=C][Ring2][Ring1][=Branch1],41,True,CCCC1=CC=C(CC(=O)N2CCCCCC(=O)NC(C)C)C2C=C1,CCCC1=CC=C2CC(=O)N(CCCCCC(=O)NC(C)C)C2C=C1,3.895,344.5,25,2,0,1,2,9,0.645,True,0.927
[C][C][Branch1][C][C][N][C][=Branch1][C][=O][C][C][C][N][Branch2][Ring1][#Branch1][C][=Branch1][C][=O][C][=C][Branch1][C][Cl][C][=C][C][=C][C][=C][Ring1][=Branch1][I][N][Ring1][O][C][C][Ring2][Ring1][Branch1],43,True,CC(C1)NC(=O)CCCN(C(=O)C=C(Cl)C2=CC=CC=C2I)C1,CC1CCN(C(=O)C=C(Cl)c2ccccc2I)CCCC(=O)N1,3.388,446.72,23,2,1,1,2,2,0.559,True,0.86
[C][C][=C][C][=C][Branch2][Ring1][#C][C][=Branch1][C][=O][N][C][C][C][C@H1][Branch1][#C][N][C][=Branch1][C][=O][C][=C][C][=C][C][=C][Ring1][=Branch1][C][C][Ring1][S][C][=C][Ring2][Ring1][Branch2],41,True,C1C=CC=C1C(=O)N2CCC[C@H1](NC(=O)C3=CC=CC=C3C)C2C=C,C=CC1[C@@H](NC(=O)c2ccccc2C)CCCN1C(=O)C1=CC=CC1,3.157,336.44,25,3,1,1,2,4,0.859,True,0.902
[C][C][=C][C][=C][C][Branch2][Ring1][#C][C][=Branch1][C][=O][N][C][C][C@@H1][Branch1][Ring2][O][C][C][=C][C][=C][C][=C][Ring1][=Branch1][N][C][C][O][C][C][Ring1][=Branch1][=C][Ring2][Ring1][=Branch2],41,True,CC=C1C=CCC(=O)NCC[C@@H1](OCC2)CC=CC=C2N3CCOCC3=C1,CC=C1C=CCC(=O)NCC[C@@H]2CC=CC=C(CCO2)N2CCOCC2=C1,3.234,370.49,27,3,0,1,4,0,0.711,True,0.927
[C][C][=C][C][=C][Branch2][Ring1][=N][C][N][Branch1][C][C][C][=Branch1][C][=O][N][C][C][C][C@H1][Ring1][Branch1][C][=Branch1][C][=O][N][C][C][C][C][C][Ring1][Branch1][C][=C][Ring2][Ring1][=Branch2],41,True,C1C=CC=C(CN(C)C(=O)N2CCC[C@H1]2C(=O)NC3CCCC3)C=C1,CN(CC1=CC=CCC=C1)C(=O)N1CCC[C@H]1C(=O)NC1CCCC1,3.004,343.47,25,3,0,1,2,4,0.853,True,0.902
[C][C][=C][C][=C][Branch2][Ring1][=N][C][=Branch1][C][=O][C][C][C][=Branch1][C][=O][N][C][C][N][Branch1][#Branch2][C][C][=C][C][=C][C][=C][Ring1][=Branch1][C][C][Ring1][=N][C][=C][Ring2][Ring1][=Branch2],42,True,CC1=CC=C(C(=O)CCC(=O)N2CCN(CC3=CC=CC=C3)CC2)C=C1,Cc1ccc(C(=O)CCC(=O)N2CCN(Cc3ccccc3)CC2)cc1,3.302,350.46,26,3,2,0,3,6,0.751,True,1.0
[C][O][C][=C][C][=C][Branch2][Ring1][N][N][C][=Branch1][C][=O][C][=Branch1][C][=O][N][C][C][=C][C][=C][C][=C][Ring1][=Branch1][C][=C][C][=C][C][=C][Ring1][=Branch1][C][=C][Ring2][Ring1][=Branch2],41,True,COC1=CC=C(NC(=O)C(=O)NCC2=CC=CC=C2C3=CC=CC=C3)C=C1,COc1ccc(NC(=O)C(=O)NCc2ccccc2-c2ccccc2)cc1,3.617,360.41,27,3,3,2,3,5,0.683,True,1.0
[C][C][=C][C][=C][C][Branch2][Ring1][O][O][C@@H1][Branch1][C][C][C][=Branch1][C][=O][N][C][=C][C][=C][C][Branch1][=Branch2][N][C][C][C][C][Ring1][Branch1][=N][Ring1][N][=O][=C][Ring2][Ring1][#Branch1],41,True,CC=CC=CC(O[C@@H1](C)C(=O)NC=CC=CCN1CCCC1=N)=O,CC=CC=CC(=O)O[C@@H](C)C(=O)NC=CC=CCN1CCCC1=N,2.31,331.42,24,1,0,2,4,8,0.406,True,0.78
[C][C][=C][C][=C][Branch2][Ring1][Branch2][N][C][=Branch1][C][=O][N][Branch1][C][C][C][C][C][=Branch1][C][=O][N][C][C][C][C][C][Ring1][=Branch1][C][=C][Ring2][Ring1][Branch1],36,True,CC1=CC=C(NC(=O)N(C)CCC(=O)N2CCCCC2)C=C1,Cc1ccc(NC(=O)N(C)CCC(=O)N2CCCCC2)cc1,2.861,303.41,22,2,1,1,2,4,0.93,True,1.0
[C][C][=C][C][=C][Branch2][Ring1][#Branch2][C][=Branch1][C][=O][N][C][C][N][Branch1][O][C][C][=C][C][=C][C][=N][Ring1][=Branch1][C][C][C][Ring1][=N][C][=C][Ring2][Ring1][=Branch1],37,True,C1C=CC=C(C(=O)N2CCN(CC3=CC=CC=N3)CC2C)C1,CC1CN(Cc2ccccn2)CCN1C(=O)C1=CC=CCC1,2.391,297.4,22,3,1,0,3,3,0.859,True,0.865
[C][C][=C][C][=C][Branch2][Ring1][N][C][=Branch1][C][=O][N][C][C][=Branch1][C][=O][N][Branch1][Branch1][C][C][C][=C][C][=C][C][=C][Ring1][=Branch1][C][C][Ring1][#Branch1][C][=C][Ring2][Ring1][#Branch1],40,True,CC1=CC=C(C(=O)NCC(=O)N(CCC2=C3)C=CC=C2CC3)C=C1,Cc1ccc(C(=O)NCC(=O)N2C=CC=C3CCC=C3CC2)cc1,3.117,322.41,24,3,1,1,2,3,0.929,True,0.95
[C][O][C][=C][C][=C][Branch2][Ring1][=N][N][C][=Branch1][C][=O][C][=C][C][=C][Branch1][=N][C@@H1][C@H1][=C][C][=C][N][=C][C][=N][Ring1][=Branch1][C][C][=C][Ring1][=C][C][=C][Ring2][Ring1][Branch2],41,True,COC1=CC=C(NC(=O)C=C2C=C([C@@H1][C@H1]=CC3=CN=CC=N3)C=C2C)C1,COC1=CC=C(NC(=O)C=C2C=C([CH]C=Cc3cnccn3)C=C2C)C1,3.441,346.41,26,3,1,1,4,6,0.802,True,0.976
[C][C][=C][C][=C][C][Branch2][Ring1][#Branch1][N][C][=Branch1][C][=O][C][C][=Branch1][C][=O][N][C][C][=C][C][=C][NH1+1][=C][Ring1][=Branch1][C][Ring1][=Branch2][C][=C][Ring2][Ring1][=Branch1],37,True,CC1=CC=CC(NC(=O)CC(=O)N2CC3=CC=C[NH1+1]=C3C2)C=C1,CC1=CC=CC(NC(=O)CC(=O)N2Cc3ccc[nH+]c3C2)C=C1,1.29,310.38,23,3,1,1,2,3,0.855,True,1.0
[C][C][=C][C][=C][C][Branch2][Ring1][=C][N][C][=Branch1][C][=O][C@H1][C][C][N][Branch1][=C][C][=Branch1][C][=O][C][=C][C][=C][C][=C][Ring1][=Branch1][C][Ring1][=C][=O][=C][Ring2][Ring1][#Branch1],40,True,C12C=CC=CC2NC(=O)[C@H1]CCN1C(=O)C3=CC=CC=C3C,Cc1ccccc1C(=O)N1CC[CH]C(=O)NC2C=CC=CC21,2.025,295.36,22,3,1,1,2,1,0.862,True,0.8
[C][C][=C][C][=C][Branch2][Ring1][N][C][=Branch1][C][=O][N][C@H1][Branch1][Ring1][C][O][C][=C][C][=C][C][=C][Ring1][=Branch1][O][C][=C][C][=C][C][=C][Ring1][=Branch1][C][=C][Ring2][Ring1][=Branch2],40,True,CC1=CC=C(C(=O)N[C@H1](CO)C2=CC=CC=C2OC3=CC=CC=C3)C=C1,Cc1ccc(C(=O)N[C@H](CO)c2ccccc2Oc2ccccc2)cc1,4.251,347.41,26,3,3,2,3,6,0.701,True,1.0
[C][C][=C][C][=C][Branch2][Ring1][#Branch2][N][C][=Branch1][C][=O][C][=Branch1][C][=O][N][C][C][C][=N][C][=N][C][=C][C][=C][Ring1][=Branch1][NH1][Ring1][=Branch2][C][=C][Ring2][Ring1][#Branch1],38,True,CC1=CC=C(NC(=O)C(=O)NCCC2=NC3=NC=CC=C3[NH1]2)C=C1,Cc1ccc(NC(=O)C(=O)NCCc2nc3ncccc3[nH]2)cc1,1.564,323.36,24,3,3,3,4,4,0.634,True,1.0
[C][C][=C][C][=C][Branch2][Ring1][=N][C][=Branch1][C][=O][N][C][C][C][N][Branch1][=C][C][=Branch1][C][=O][C][C][=C][C][=C][C][=C][Ring1][=Branch1][C][C][Ring1][=C][C][=C][Ring2][Ring1][Branch2][O],42,True,CC1=CC=C(C(=O)NCC2CN(C(=O)CC3=CC=CC=C3)CC2)C=C1O,Cc1ccc(C(=O)NCC2CCN(C(=O)Cc3ccccc3)C2)cc1O,2.522,352.43,26,3,2,2,3,5,0.869,True,1.0
[C][C][=C][C][=C][Branch2][Ring1][#C][C][=Branch1][C][=O][N][N][C][=Branch1][C][=O][C][=C][C][=C][Branch1][#Branch2][N][C][=Branch1][C][=O][C][Branch1][C][C][C][C][=C][Ring1][N][C][=C][Ring2][Ring1][#Branch1],43,True,CC=C1C=C(C(=O)NNC(=O)C2=CC=C(NC(=O)CC)CC=C2)C=C1,CC=C1C=CC(C(=O)NNC(=O)C2=CC=C(NC(=O)CC)CC=C2)=C1,1.873,339.4,25,2,0,3,3,4,0.683,True,0.953
[C][C][=C][C][=C][Branch2][Ring1][=N][C][=Branch1][C][=O][N][C][C][C][Branch1][=C][C][C][C@@H1][C][C@@H1][C][C][C@@H1][Ring1][=Branch1][C][Ring1][Branch1][C][C][Ring1][=N][C][=C][Ring2][Ring1][#Branch1],40,True,CC1=CC=C(C(=O)NCC2C(CC[C@@H1]3C[C@@H1]4CC[C@@H1]3C4)CC2C)C1,CC1=CC=C(C(=O)NCC2C(C)CC2CC[C@@H]2C[C@@H]3CC[C@@H]2C3)C1,4.868,327.51,24,4,0,1,1,6,0.741,True,1.0
[C][C][=C][C][=C][Branch2][Ring1][N][C][C][C][=Branch1][C][=O][N][C][=Branch1][C][=O][C][=C][C][=C][C][=Branch1][C][=C][Ring1][=Branch1][O][C][C][O][Ring1][#Branch1][C][=C][Ring2][Ring1][#Branch1],40,True,C1C=CC=C(CCC(=O)NC(=O)C=CC=CC=C)C=C1,C=CC=CC=CC(=O)NC(=O)CCC1=CC=CCC=C1,3.15,269.34,20,1,0,1,2,6,0.594,True,0.65
[C][C][=C][C][=C][C][Branch2][Ring1][=N][C@H1][Branch1][C][C][#N][C][=Branch1][C][=O][C][=Branch1][C][=O][N][C][=C][C][=C][C][=C][Ring1][=Branch1][N][NH1][Ring2][Ring1][=Branch1][C][=C][Ring2][Ring1][=Branch2],41,True,C12C=CC=CC([C@H1](C)NC(=O)C(=O)NC3=CC=CC=C3N[NH1]1)=C2,C[C@@H]1NC(=O)C(=O)Nc2ccccc2NNC2C=CC=CC1=C2,1.481,310.36,23,3,1,4,4,0,0.547,True,0.829
[C][C][=C][C][=C][Branch2][Ring1][=N][C][=Branch1][C][=O][N][Branch1][C][C][C][C][C][=Branch1][C][=O][N][C][=C][C][=C][C][=C][Ring1][=Branch1][C][O][C][Ring1][Ring2][C][=C][Ring2][Ring1][Branch2],41,True,CC1=CC=C(C(=O)N(C)CCC(=O)NC2=CC=CC=C2COC)C=C1,COCc1ccccc1NC(=O)CCN(C)C(=O)c1ccc(C)cc1,3.242,340.42,25,2,2,1,3,7,0.842,True,0.902
[C][C][O][C][=Branch1][C][=O][C][=C][C][=C][C][Branch2][Ring1][Branch2][C][=Branch1][C][=O][N][C@H1][C][C][N][Branch1][=Branch2][C][=C][C][=C][C][=N+1][Ring1][=Branch1][C][Ring1][N][=C][Ring2][Ring1][Branch1],41,True,C1COC(=O)C=CC=CC1C(=O)N2[C@H1]CCN(C3=CC=CC=[N+1]3)C2=C,C=C1N(C(=O)C2C=CC=CC(=O)OCC2)[CH]CCN1C1=CC=CC=[N+]1,1.647,338.39,25,3,0,0,5,2,0.718,True,0.951
[C][C][=C][C][=C][Branch2][Ring1][=C][C][C][C][=Branch1][C][=O][N][C][=Branch1][C][=O][N][C][C@@H1][C][C][C][O][Ring1][Branch1][C][=C][C][=C][C][=C][Ring1][=Branch1][C][=C][Ring2][Ring1][#Branch2],41,True,C1C=CC=C(CCC(=O)NC(=O)NC[C@@H1]2CCCO2)C1,O=C(CCC1=CC=CCC1)NC(=O)NC[C@@H]1CCCO1,2.048,278.35,20,2,0,2,3,5,0.808,True,0.683
[C][C][=C][C][=C][C][Branch2][Ring1][N][C@@H1][Branch1][C][C][N][C][=Branch1][C][=O][C][=C][C][=C][Branch1][C][F][C][=C][Ring1][#Branch1][C][C][C][C][Ring1][P][C][=N][Ring2][Ring1][#Branch1],40,True,CC1=CC=CC([C@@H1](C)NC(=O)C2=CC=C(F)C=C2CCCCC)=N1,CCCCCc1cc(F)ccc1C(=O)N[C@H](C)c1cccc(C)n1,4.753,328.43,24,2,2,1,2,7,0.745,True,0.9
[C][O][C][=C][C][=C][Branch2][Ring1][N][C][=Branch1][C][=O][N][C][C][=Branch1][C][=O][N][C][=C][C][=C][C][=C][Ring1][=Branch1][N][C][C][=C][C][C][Ring1][=Branch1][C][=C][Ring2][Ring1][#Branch1],41,True,COC=CC1=C(C(=O)NCC(=O)NC2=CC=CC=C2N3CC=CCC3)C=C1,COC=CC1=C(C(=O)NCC(=O)Nc2ccccc2N2CC=CCC2)C=C1,2.534,365.43,27,3,1,2,4,7,0.575,True,1.0
[C][C][=C][C][=C][Branch2][Ring1][#Branch1][C][C][Branch1][P][N][C][=Branch1][C][=O][C][C][C][C][C][C@@H1][Branch1][C][C][C][Ring1][#Branch1][C][=C][C][Ring1][C][F][=C][Ring2][Ring1][Branch1],39,True,CC=CC=C(CC(NC(=O)CC1CCC[C@@H1](C)C1)C)C=CF,CC=CC=C(C=CF)CC(C)NC(=O)CC1CCC[C@@H](C)C1,5.083,307.45,22,1,0,1,1,7,0.653,False,0.821
[C][C@@H1][Branch1][Ring1][C][O][C][=C][C][=C][C][=C][Ring1][=Branch1][N][C][=Branch1][C][=O][N][C][C][N][Branch1][=N][C][=C][C][=C][Branch1][C][Cl][C][=C][Ring1][#Branch1][C][C][Ring1][=N],40,True,C[C@@H1](CO)C1=CC=CC=C1NC(=O)N2CCN(C3=CC=C(Cl)C=C3C)C2,Cc1cc(Cl)ccc1N1CCN(C(=O)Nc2ccccc2[C@@H](C)CO)C1,4.056,373.88,26,3,2,2,3,4,0.849,True,1.05
[C][C][Branch1][C][C][O][C][=C][C][=C][C][Branch2][Ring1][Branch2][N][C][=Branch1][C][=O][C][=N][C][Branch1][=Branch2][C][=C][C][=C][C][=C][Ring1][=Branch1][=N][N][=Ring1][N][=O][P][Ring2][Ring1][Branch1],41,True,CC(C)OC=CC=CC(NC(=O)C=NC(C1=CC=CC=C1)=NN)P,CC(C)OC=CC=CC(P)NC(=O)C=NC(=NN)c1ccccc1,2.19,346.37,24,1,1,2,4,7,0.151,True,0.829
[C][O][C][=C][C][=C][Branch2][Ring1][#Branch1][C][N][C][=Branch1][C][=O][C@@H1][Branch1][C][C][N][C][C][C][Branch1][C][C][C][Ring1][=Branch1][C][Branch1][C][C][C][=C][Ring2][Ring1][Ring1],38,True,COC=C1C=C(CNC(=O)[C@@H1](C)N2CCC(C)C2CC)C=C1,CCC1C(C)CCN1[C@H](C)C(=O)NCC1=CC(=COC)C=C1,2.638,304.43,22,2,0,1,3,6,0.767,True,0.895
[C][C][=C][C][=C][C][Branch2][Ring1][=N][N][C][=Branch1][C][=O][C][N][C][=Branch1][C][=O][C][=C][C][=C][C][=C][Ring1][=Branch1][C][NH1+1][C][C][C][C][C][Ring1][=Branch1][C][=C][Ring2][Ring1][#Branch2][O],43,True,CC=C1C=CC(NC(=O)CNC(=O)C2=CC=CC=C2C[NH1+1]3CCCCC3)C=C1O,CC=C1C=CC(NC(=O)CNC(=O)c2ccccc2C[NH+]2CCCCC2)C=C1O,1.428,396.51,29,3,1,4,3,6,0.587,True,1.0
[C][C][=N][C][=C][Branch2][Ring1][=C][C][=Branch1][C][=O][N][C][C][=Branch1][C][=O][N][C][O][C][C][C][=C][C][=C][C][=C][Ring1][=Branch1][O][N][C][=C][=O][S][O][Ring2][Ring1][=Branch1],41,True,CC=NC=C(C(=O)NCC(=O)NCOCCC1=CC=CC=C1ONC=C=O)O,CC=NC=C(O)C(=O)NCC(=O)NCOCCc1ccccc1ONC=C=O,0.154,390.4,28,1,1,4,8,12,0.076,True,0.878
[C][O][C][=C][C][=C][Branch2][Ring1][=N][N][C][=Branch1][C][=O][C][N][C][=Branch1][C][=O][C][=C][C][=C][C][=C][Ring1][=Branch1][C][=C][C][=C][C][=C][Ring1][=Branch1][C][=C][Ring2][Ring1][#Branch1],41,True,COC=CC1=C(NC(=O)CNC(=O)C2=CC=CC=C2C3=CC=CC=C3C)C1,COC=CC1=C(NC(=O)CNC(=O)c2ccccc2-c2ccccc2C)C1,3.326,362.43,27,3,2,2,3,7,0.743,True,1.0
[C][C][=C][C][=C][Branch2][Ring1][=N][C][=Branch1][C][=O][N][C][C][C][NH1+1][Branch1][=C][C][C][=C][C][=C][C][=C][Ring1][=Branch1][C][Branch1][C][C][C][C][Ring1][=C][C][=C][Ring2][Ring1][Branch2],41,True,CC1=CC=C(C(=O)NCC2C[NH1+1](CC3=CC=CC=C3CC)CC2)C=C1,CCc1ccccc1C[NH+]1CCC(CNC(=O)c2ccc(C)cc2)C1,2.392,337.49,25,3,2,2,1,6,0.834,True,0.927
[C][C][C][C][=N][C][Branch2][Ring1][O][N][C][=Branch1][C][=O][N][C@@H1][C][O][C@@H1][Branch1][=Branch2][C][=C][C][=C][C][=C][Ring1][=Branch1][C][Branch1][C][C][C][C][Ring1][Ring1][=N][NH1][Ring2][Ring1][=Branch2],42,True,CC1CC2=NC2(NC(=O)N[C@@H1]CO[C@@H1](C3=CC=CC=C3)C(C)CC)N[NH1]1,CCC(C)[C@@H](OC[CH]NC(=O)NC12N=C1CC(C)NN2)c1ccccc1,2.246,358.47,26,3,1,4,5,8,0.537,True,0.976
[C][C][=C][C][=C][Branch2][Ring1][=N][C][=Branch1][C][=O][N][C][C][=Branch1][C][=O][N][C][C][C][C@@H1][Ring1][Branch1][C][=C][C][=C][Branch1][C][F][C][=C][Ring1][#Branch1][C][=C][Ring2][Ring1][#Branch1],41,True,CC=C1C=C(C(=O)NCC(=O)N2CCC[C@@H1]2C3=CC=C(F)C=C3)C=C1,CC=C1C=CC(C(=O)NCC(=O)N2CCC[C@@H]2c2ccc(F)cc2)=C1,3.048,340.4,25,3,1,1,2,4,0.916,True,1.0
[C][C][=Branch1][C][=O][C][=C][C][=C][Branch2][Ring1][N][O][C][C][=Branch1][C][=O][N][C][C][C][C][Branch1][N][C][C][C][=C][C][=C][C][=C][Ring1][=Branch1][C][C][Ring1][=C][=C][Ring2][Ring1][#Branch1][C],44,True,CC(=O)C=C1C=C(OCC(=O)NC2CCC(CCC3=CC=CC=C3C)C2)C1C,CC(=O)C=C1C=C(OCC(=O)NC2CCC(CCc3ccccc3C)C2)C1C,4.278,381.52,28,3,1,1,3,8,0.684,True,1.0
[C][C][=C][C][=C][C][Branch2][Ring1][=N][N][C][=Branch1][C][=O][C][N][C][C][=Branch1][C][=O][N][Branch1][#Branch2][C][=C][C][=C][C][=C][Ring1][=Branch1][C][C][C][Ring1][=N][=O][=C][Ring2][Ring1][=Branch2],42,True,CC=CC=CC(NC(=O)CNC1C(=O)N(C2=CC=CC=C2C)CC1)=O,CC=CC=CC(=O)NC(=O)CNC1CCN(c2ccccc2C)C1=O,1.465,341.41,25,2,1,2,4,6,0.607,True,0.833
[O][=C][Branch2][Ring1][Ring2][N][C][C][C][=N][C][Branch1][=Branch2][C][=C][C][=C][C][C][Ring1][=Branch1][=N][S][Ring1][O][C][C][C][N][C][=Branch1][C][=O][C][=C][C][=C][C][=C][Ring1][=Branch1],41,True,O=C(NCCC1=NC(C2=CC=CCC2)=NS1)CCCNC(=O)C3=CC=CC=C3,O=C(CCCNC(=O)c1ccccc1)NCCc1nc(C2=CC=CCC2)ns1,3.14,396.52,28,3,2,2,5,9,0.638,True,0.976
[C][O][C][=C][C][=C][Branch2][Ring1][N][N][C][=Branch1][C][=O][C][=C][C][=C][Branch1][#C][N][C][=Branch1][C][=O][C][=C][C][=C][C][=C][Ring1][=Branch1][O][Ring1][#C][C][=C][Ring2][Ring1][=Branch2],41,True,C12OC=CC=C(NC(=O)C=CC=C1NC(=O)C3=CC=CC=C3O)C=C2,O=C1C=CC=C(NC(=O)c2ccccc2O)C2C=CC(=CC=CO2)N1,2.044,336.35,25,3,1,3,4,2,0.771,True,0.927
[C][C][Branch1][C][C][C][=C][C][=C][Branch2][Ring1][=Branch1][N][C][=Branch1][C][=O][C][N][N][C][C][C][=C][C][=C][C][=C][Ring1][=Branch1][C][=Ring1][#Branch2][C][Branch1][C][F][=C][Ring2][Ring1][=Branch1],41,True,CC(C)C1=CC=C(NC(=O)CNN2CCC3=CC=CC=C3C2)C(F)=C1,CC(C)c1ccc(NC(=O)CNN2CCc3ccccc3C2)c(F)c1,3.451,341.43,25,3,2,2,3,5,0.875,True,1.0
[C][C][=C][C][=C][Branch2][Ring1][=N][C][N][C][=Branch1][C][=O][N][C][C][C][NH1+1][Branch1][=N][C][C][C][N][C][C][O][C][C][Ring1][#Branch1][C][C][Ring1][=C][C][=C][Ring2][Ring1][Branch2],41,True,CC=CC1=C(CNC(=O)NCC2C[NH1+1](CCC3NCCOCC3C)C2)C=C1,CC=CC1=C(CNC(=O)NCC2C[NH+](CCC3NCCOCC3C)C2)C=C1,0.257,375.54,27,3,0,4,3,8,0.492,True,1.0
[C][C][=C][C][=C][Branch2][Ring1][=N][C][=Branch1][C][=O][N][C][C][C][C][N][Branch1][=N][C][=Branch1][C][=O][C][C@@H1][C][C][C][C][Ring1][=Branch1][C][C][Ring1][=C][C][=C][Ring2][Ring1][Branch2],41,True,CC1=CC=C(C(=O)NCC2CCN(C(=O)C3[C@@H1]CCCC3)CC2)C=C1,Cc1ccc(C(=O)NCC2CCN(C(=O)C3[CH]CCCC3)CC2)cc1,3.358,341.48,25,3,1,1,2,4,0.913,True,1.0
[C][C][=C][C][=C][Branch2][Ring1][P][C][=Branch1][C][=O][C][N][C][=Branch1][C][=O][C][=C][C][=C][Branch1][C][F][C][=C][Branch1][#Branch1][O][C][Branch1][C][C][C][=C][Ring1][#Branch2][C][=C][Ring2][Ring1][Branch2],43,True,C1C=CC=C1C(=O)CNC(=O)C=CC2=C(F)C=C(OC(C)C)C2C=C,C=CC1C(OC(C)C)=CC(F)=C1C=CC(=O)NCC(=O)C1=CC=CC1,3.463,343.4,25,2,0,1,3,8,0.542,True,0.907
[C][N][Branch1][C][C][C][=C][C][=C][Branch2][Ring1][=Branch2][C][C][C][=Branch1][C][=O][N][C][C][N][Branch1][=Branch2][C][=C][C][=C][C][=C][Ring1][=Branch1][C][C][Ring1][N][C][=C][Ring2][Ring1][=Branch1],41,True,CN(C)C1=CC=C(CCC(=O)N2CCN(C3=CC=CC=C3)CC2)C=C1,CN(C)c1ccc(CCC(=O)N2CCN(c3ccccc3)CC2)cc1,3.034,337.47,25,3,2,0,3,5,0.839,True,1.0
[C][C][=C][C][=C][Branch2][Ring1][O][C][=Branch1][C][=O][O][C][C][=Branch1][C][=O][N][C][C][C][Branch1][=Branch2][C][Branch1][C][C][Branch1][C][C][C][C][Ring1][=Branch2][C][=C][Ring2][Ring1][Branch1],40,True,CC1=CC=C(C(=O)OCC(=O)N2CCC(C(C)(C)C)C2)C=C1,Cc1ccc(C(=O)OCC(=O)N2CCC(C(C)(C)C)C2)cc1,3.046,303.4,22,2,1,0,3,3,0.806,True,1.0
[C][C][O][C][=C][C][=C][Branch2][Ring1][O][C][#N][C][=Branch1][C][=O][N][Branch1][C][C][C][C][C][=C][Branch1][C][F][C][=C][Branch1][C][F][C][=C][Ring1][Branch2][C][=N][Ring2][Ring1][Ring2],41,True,C1COC=CC=C(C#N)C=N1,N#CC1=CC=COCCN=C1,1.051,148.16,11,1,0,0,3,0,0.515,True,0.317
[C][C][Branch1][C][C][C][C][C][N][Branch2][Ring1][=Branch2][C][=Branch1][C][=O][C][=N][C][Branch1][N][C][=C][C][Branch1][C][F][=C][C][=C][Ring1][#Branch1][=N][O][Ring1][O][C][C][Ring2][Ring1][=Branch1],41,True,CC1(C)CCCN(C(=O)C=NC(C2=CC(F)=CC=C2)=NO)CC1,CC1(C)CCCN(C(=O)C=NC(=NO)c2cccc(F)c2)CC1,3.071,319.38,23,2,1,1,3,2,0.394,True,0.951
[C][C][=C][C][=C][C][Branch2][Ring1][=C][C@H1][Branch1][C][C][C][=Branch1][C][=O][N][C][C][C][N][Branch1][#Branch2][C][=C][C][=C][C][=C][Ring1][=Branch1][C][C][C][Ring1][=N][=C][Ring2][Ring1][Branch2],41,True,C1C=CC=CC1[C@H1](C)C(=O)NC2CCN(C3=CC=CC=C3C)CC2=C,C=C1CN(c2ccccc2C)CCC1NC(=O)[C@@H](C)C1C=CC=CC1,4.015,336.48,25,3,1,1,2,4,0.843,True,0.902
[C][O][C][=C][C][=C][Branch2][Ring1][O][C@@H1][C][C][C][C@@H1][Ring1][Branch1][N][C][=Branch1][C][=O][C][=C][C][=C][C][=C][Ring1][=Branch1][F][C][C][Ring1][Ring1][C][C][=C][Ring2][Ring1][Branch2],40,True,C1OC=CC=C([C@@H1]2CCC[C@@H1]2NC(=O)C3=CC=CC=C3F)C=C1,O=C(N[C@H]1CCC[C@H]1C1=CC=COCC=C1)c1ccccc1F,3.751,313.37,23,3,1,1,2,3,0.923,True,0.8
[C][C][=C][C][=C][C][Branch2][Ring1][=N][C][=Branch1][C][=O][N][C][C][C][C@H1][Branch1][P][C][=Branch1][C][=O][N][C][C][C][C][O][C][C][Ring1][#Branch1][C][Ring1][#C][=C][Ring2][Ring1][Branch2],41,True,CC1=CC=CC(C(=O)NC2CC[C@H1]C(=O)NC3CCCOCC3C2)=C1,Cc1cccc(C(=O)NC2CC[CH]C(=O)NC3CCCOCC3C2)c1,2.393,343.45,25,3,1,2,3,2,0.866,True,0.951
[C][C][=C][C][=C][Branch2][Ring1][=C][C][=Branch1][C][=O][N][Branch1][#Branch2][C][C][=N][C][=C][C][=C][Ring1][=Branch1][Br][C][=C][C][=C][Branch1][C][F][C][=C][Ring1][#Branch1][C][=C][Ring2][Ring1][Branch2],41,True,C1C=CC=C(C(=O)N(CC2=NC=CC=C2)Br)C1,O=C(C1=CC=CCC1)N(Br)Cc1ccccn1,2.997,293.16,17,2,1,0,2,3,0.803,True,0.61
[C][O][C][=C][C][=C][Branch2][Ring1][#Branch2][C][N][C][=Branch1][C][=O][N][Branch1][C][C][C][C][C][=C][C][=C][C][=C][Ring1][=Branch1][C][C][O][Ring1][O][C][=C][Ring2][Ring1][#Branch1],39,True,COC1=CC=C(CNC(=O)N(C)C2CC3=CC=CC=C3CCO2)C=C1,COc1ccc(CNC(=O)N(C)C2Cc3ccccc3CCO2)cc1,2.978,340.42,25,3,2,1,3,4,0.931,True,1.0
[C][C][=C][C][=C][Branch2][Ring1][O][C][=Branch1][C][=O][N][C][C][=Branch1][C][=O][N][Branch1][Branch1][C][C][C][=Branch1][C][=O][N][C][C][C][C][C][Ring1][=Branch1][C][=C][Ring2][Ring1][#Branch1],40,True,CC1=CC=C(C(=O)NCC(=O)N(CCC=O)N2CCCCC2)C=C1,Cc1ccc(C(=O)NCC(=O)N(CCC=O)N2CCCCC2)cc1,1.543,331.42,24,2,1,1,4,7,0.77,True,0.95
[C][C][=C][N][=C][Branch2][Ring1][#C][C][S][C][Branch2][Ring1][C][N][C][=Branch1][C][=O][C@@H1][Branch1][C][C][C][=C][C][=C][C][=C][Ring1][=Branch1][=N][C][=N][Ring1][C][C][=C][Ring2][Ring1][Branch2],41,True,C1C=CN=C1CSC(NC(=O)[C@@H1](C)C2=CC=CC=C2)=NC#N,C[C@H](C(=O)NC(=NC#N)SCC1=NC=CC1)c1ccccc1,2.835,312.4,22,2,1,1,5,4,0.527,True,0.805
[C][C][=C][C][=C][Branch2][Ring1][N][C][=Branch1][C][=O][N][C][C][N][Branch1][=C][C][=Branch1][C][=O][C][=C][C][=C][C][=C][Ring1][=Branch1][Cl][C][C][Ring1][#C][C][=C][Ring2][Ring1][#Branch1],40,True,CC1=CC=C(C(=O)N2CCN(C(=O)C3=CC=CC=C3Cl)CC2)C=C1,Cc1ccc(C(=O)N2CCN(C(=O)c3ccccc3Cl)CC2)cc1,3.247,342.83,24,3,2,0,2,2,0.84,True,1.0
[C][C][Branch1][C][C][C@@H1][Branch2][Ring1][Branch2][C][=Branch1][C][=O][N][C][=C][C][=C][C][Branch1][=Branch2][C][Branch1][C][F][Branch1][C][F][F][=C][Ring1][#Branch2][C][C][C][C][C][O][O][Ring1][Branch1],41,True,CC(C)[C@@H1](C(=O)NC1=CC=CC(C(F)(F)F)=C1)CCC2CCOO2,CC(C)[C@H](CCC1CCOO1)C(=O)Nc1cccc(C(F)(F)F)c1,4.417,345.36,24,2,1,1,3,6,0.777,True,0.976
[C][C][=C][C][=C][Branch2][Ring1][=C][N][C][=Branch1][C][=O][N][C][C][C][=Branch1][C][=O][N][Branch1][#Branch2][C][C][=C][C][=C][C][=C][Ring1][=Branch1][C][C][Ring1][=N][C][=C][Ring2][Ring1][Branch2],41,True,CC1=CC=C(NC(=O)NCC2C(=O)N(CC3=CC=CC=C3)CC2C)C1,CC1=CC=C(NC(=O)NCC2C(=O)N(Cc3ccccc3)CC2C)C1,2.814,339.44,25,3,1,2,2,5,0.866,True,1.0
[C][C][=C][C][=C][Branch2][Ring1][=N][C][N][C][=Branch1][C][=O][C][C][C][=Branch1][C][=O][N][Branch1][#Branch2][C][C][=C][C][=C][C][=C][Ring1][=Branch1][C][C][Ring1][=N][N][=C][Ring2][Ring1][Branch2],41,True,CC1=CC=C(CNC(=O)CC2C(=O)N(CC3=CC=CC=C3)CC2)N=C1,Cc1ccc(CNC(=O)CC2CCN(Cc3ccccc3)C2=O)nc1,2.445,337.42,25,3,2,1,3,6,0.881,True,0.951
[C][C][Branch1][C][C][Branch1][C][C][C][C][N][C][Branch2][Ring1][=Branch2][N][C][=Branch1][C][=O][C][=Branch1][C][=O][N][C][C@H1][Branch1][C][C][NH1+1][Branch1][C][C][C][C][Ring1][#Branch1][=N][O][=Ring2][Ring1][Branch1],43,True,CC(C1)(C)CCNC(NC(=O)C(=O)NC2[C@H1](C)[NH1+1](C)CC2=N)O1,C[C@H]1C(NC(=O)C(=O)NC2NCCC(C)(C)CO2)C(=N)C[NH+]1C,-2.156,326.42,23,2,0,5,5,2,0.373,True,0.953
[C][C][=C][C][=C][C][Branch2][Ring1][N][C][=Branch1][C][=O][N][Branch1][C][C][C][=Branch1][C][=O][N][C][C][C][=C][C][=C][C][=C][Ring1][=Branch1][O][C][Ring1][=Branch2][=O][=C][Ring2][Ring1][Branch2],41,True,CC=CC=CC(C(=O)N(C)C(=O)NCC1C2=CC=CC=C2OC1)=O,CC=CC=CC(=O)C(=O)N(C)C(=O)NCC1COc2ccccc21,2.032,328.37,24,2,1,1,4,5,0.51,True,0.878
[C][C][=C][C][=C][C][Branch2][Ring1][=N][C][C][C][C][=Branch1][C][=O][N][C][C][C][C][C][=C][C][=C][Ring1][O][C][=C][C][=C][C][=C][Ring1][=Branch1][Ring1][#Branch2][=C][Ring2][Ring1][=Branch2],41,True,CC=C1C=CC(CCCC(=O)NCCCCC2=CC=CC3=CC=CC=C32)=C1,CC=C1C=CC(CCCC(=O)NCCCCc2cccc3ccccc23)=C1,5.892,359.51,27,3,2,1,1,9,0.556,False,0.951
[C][C][=C][C][=C][Branch2][Ring1][S][C][=Branch1][C][=O][N][C][C][C][C][C][C@@H1][Branch1][=C][N][C][=Branch1][C][=O][C][=C][C][=C][C][=C][Ring1][=Branch1][C][C][Ring1][P][C][=C][Ring2][Ring1][=Branch2],43,True,CC=C1C=C(C(=O)NC2CCCC[C@@H1](NC(=O)C3=CC=CC=C3)CC2C)C1,CC=C1C=C(C(=O)NC2CCCC[C@@H](NC(=O)c3ccccc3)CC2C)C1,4.146,366.51,27,3,1,2,2,4,0.841,True,1.0
[C][C][Branch1][C][C][C][N][Branch1][C][C][C][=Branch1][C][=O][N][C][C][C][C@@H1][Branch2][Ring1][C][C][=Branch1][C][=O][N][C@H1][Branch1][Ring1][C][#N][C][Branch1][C][C][C][C][Ring1][S],40,True,CC(C)CN(C)C(=O)NCCC[C@@H1]C(=O)N[C@H1](C#N)C(C)CC,CCC(C)[C@@H](C#N)NC(=O)[CH]CCCNC(=O)N(C)CC(C)C,2.323,323.46,23,0,0,2,3,10,0.605,True,0.875
[C][C][=C][C][=C][C][Branch2][Ring1][#Branch2][C][N][C][=Branch1][C][=O][C@H1][Branch1][C][C][C][=Branch1][C][=O][N][C][C][=C][C][=C][N][=C][Ring1][=Branch1][C][=C][Ring2][Ring1][#Branch1],38,True,CC1=CC=CC(CNC(=O)[C@H1](C)C(=O)NCC2=CC=CN=C2C)=C1,Cc1cccc(CNC(=O)[C@H](C)C(=O)NCc2cccnc2C)c1,2.267,325.41,24,2,2,2,3,6,0.8,True,1.0
[C][C][=C][C][=C][Branch2][Ring1][#C][C@H1][Branch1][C][C][N][C][=Branch1][C][=O][N][C][C][C][N][Branch1][#Branch2][C][=N][C][=C][C][=C][Ring1][=Branch1][Cl][C][C][Ring1][=N][C][=N][Ring2][Ring1][=Branch2],42,True,CC1=CC=C([C@H1](C)NC(=O)NC2CCN(C3=NC=CC=C3Cl)CC2C)N1,Cc1ccc([C@H](C)NC(=O)NC2CCN(c3ncccc3Cl)CC2C)[nH]1,3.647,375.9,26,3,2,3,3,4,0.763,True,1.0
[C][C][=C][C][=C][Branch2][Ring1][=N][N][C][=Branch1][C][=O][N][C][=C][C][=C][Branch1][=N][N][C][=Branch1][C][=O][C@H1][C][C][C][O][Ring1][Branch1][C][=C][Ring1][#C][C][=C][Ring2][Ring1][Branch2],41,True,CC1=CC=C(NC(=O)N2C=CC=C(NC(=O)[C@H1]3CCCO3)C=C2)C=C1,Cc1ccc(NC(=O)N2C=CC=C(NC(=O)[C@H]3CCCO3)C=C2)cc1,3.049,339.4,25,3,1,2,3,3,0.889,True,1.0
[C][O][C][=C][C][=C][Branch2][Ring1][=N][N][C][=Branch1][C][=O][C@@H1][C][C][C][N][Branch1][=C][C][=Branch1][C][=O][C][Branch1][C][C][Branch1][C][C][C][C][Ring1][N][C][=C][Ring2][Ring1][=Branch1],41,True,C1OC2=CC=C(NC(=O)[C@@H1]CCCN2C(=O)C(C)(C)CC)C1,CCC(C)(C)C(=O)N1CCC[CH]C(=O)NC2=CC=C1OCC2,2.511,305.4,22,2,0,1,3,2,0.853,True,0.829
[C][C][=C][C][=C][Branch2][Ring1][N][C][=Branch1][C][=O][N][C][C][C][N][Branch1][=N][C][=Branch1][C][=O][C][=C][C][=C][C][=C][Ring1][=Branch1][C][C][Ring1][=C][C][=C][Ring2][Ring1][#Branch1],40,True,CC1=CC=C(C(=O)NC2CCN(C(=O)C3=CC=CC=C3)CC2)C=C1,Cc1ccc(C(=O)NC2CCN(C(=O)c3ccccc3)CC2)cc1,3.03,322.41,24,3,2,1,2,3,0.944,True,1.0
[C][C][=C][C][=C][Branch2][Ring1][#C][C][=Branch1][C][=O][N][C][C][N][Branch1][P][C][=Branch1][C][=O][C][=C][C][=C][Branch1][C][F][C][=C][Ring1][#Branch1][F][C][C][Ring1][Ring1][C][=C][Ring2][Ring1][Branch2],43,True,CC1=CC=C(C(=O)NCCN(C(=O)C2=CC=C(F)C=C2F)CC)C=C1,CCN(CCNC(=O)c1ccc(C)cc1)C(=O)c1ccc(F)cc1F,3.165,346.38,25,2,2,1,2,6,0.873,True,0.93
[C][C][C][=C][C][=C][Branch2][Ring1][#Branch2][N][C][=Branch1][C][=O][C][=C][C][=C][Branch1][N][C][N][C][=Branch1][C][=O][N][Branch1][C][C][C][C][=C][Ring1][=N][C][=C][Ring2][Ring1][#Branch1],40,True,CC1C=CC=C(NC(=O)C2=CC=C(CNC(=O)N(C)C)C=C2)C=C1,CC1C=CC=C(NC(=O)c2ccc(CNC(=O)N(C)C)cc2)C=C1,2.834,325.41,24,2,1,2,2,4,0.894,True,1.0
[C][C][=C][C][=C][Branch2][Ring1][#C][C][N][C][=Branch1][C][=O][C][N][C][=Branch1][C][=O][C][=C][C][=C][C][=C][Ring1][=Branch1][O][C][C][C][C][C][C][Ring1][=Branch1][C][=C][Ring2][Ring1][#Branch2],42,True,CC=C1C=C(CNC(=O)CNC(=O)C2=CC=CC=C2OC3CCCCC3C)C1,CC=C1C=C(CNC(=O)CNC(=O)c2ccccc2OC2CCCCC2C)C1,3.767,382.5,28,3,1,2,3,7,0.754,True,1.0
[C][C][=C][C][=C][C][Branch2][Ring1][=N][N][C][=Branch1][C][=O][N][C][C][N][Branch1][=N][C][=Branch1][C][=O][C][=C][C][=C][C][=C][Ring1][=Branch1][C][C][Ring1][=C][C][=C][Ring2][Ring1][Branch2],41,True,CC1=CC=CC(NC(=O)N2CCN(C(=O)C3=CC=CC=C3)CC2C)=C1,Cc1cccc(NC(=O)N2CCN(C(=O)c3ccccc3)CC2C)c1,3.373,337.42,25,3,2,1,2,2,0.913,True,1.0
[C][C][=C][C][=C][Branch2][Ring1][=N][C][N][C][=Branch1][C][=O][N][C][C][C][NH1+1][Branch1][O][C][Branch1][C][Branch1][C][Ring1][Branch1][C][C][=O][C][C][Ring1][=C][C][=C][Ring2][Ring1][#Branch1],40,True,C1C=CC=C(CNC(=O)NCC2C[NH1+1](CC2CC=O)CCC)C1,CCC[NH+]1CC(CC=O)C(CNC(=O)NCC2=CC=CCC2)C1,0.692,320.46,23,2,0,3,2,8,0.576,True,0.85
[C][C][=C][C][=C][C][Branch2][Ring1][S][N][C][=Branch1][C][=O][C][=C][C][=C][Branch1][S][N][C][=Branch1][C][=O][N][C][=C][C][=C][Branch1][C][Cl][C][=C][Ring1][#Branch1][S][Ring1][S][C][=C][Ring2][Ring1][Branch2],45,True,CC=C1C=CC(N2C(=O)C=CC=C2NC(=O)NC=CC=C(Cl)C=C)C=C1,C=CC(Cl)=CC=CNC(=O)Nc1cccc(=O)n1C1C=CC(=CC)C=C1,4.406,369.85,26,2,1,2,3,5,0.755,True,0.844
[C][O][C][=C][C][=C][Branch2][Ring1][=N][N][C][=Branch1][C][=O][C][=C][C][=C][C][Branch1][#C][C][N][C][=Branch1][C][=O][C][C][C][C][C][Ring1][Branch1][=O][=C][Ring1][S][C][=C][Ring2][Ring1][=Branch2],43,True,COC1=CC=C(NC(=O)C2=CC=CC(CNC(=O)C3CCCC3=O)=C2)C=C1,COc1ccc(NC(=O)c2cccc(CNC(=O)C3CCCC3=O)c2)cc1,2.933,366.42,27,3,2,2,4,6,0.77,True,1.0
[C][C][=C][C][=C][Branch2][Ring1][=N][C][=Branch1][C][=O][N][C][C][=Branch1][C][=O][N][Branch1][C][C][C][C][=C][C][=C][C][=C][Ring1][=Branch1][C][C][C][Ring1][Ring1][C][=C][Ring2][Ring1][Branch2],41,True,CC1=CC=C(C(=O)NCC(=O)N(C)CC2=CC=CC=C2C3CC3)C=C1,Cc1ccc(C(=O)NCC(=O)N(C)Cc2ccccc2C2CC2)cc1,3.261,336.44,25,3,2,1,2,6,0.88,True,1.0
[C][C][=C][C][=C][C][Branch2][Ring1][=C][C@@H1][Branch1][C][C][N][C][=Branch1][C][=O][C][C][C][=N][C][Branch1][=Branch2][C][=C][C][=C][C][=C][Ring1][=Branch1][=N][O][Ring1][O][C][=C][Ring2][Ring1][=Branch2][C],43,True,C1C=CC=CC([C@@H1](C)NC(=O)CCC2=NC(C3=CC=CC=C3)=NO2)=C1C,CC1=C([C@@H](C)NC(=O)CCc2nc(-c3ccccc3)no2)C=CC=CC1,4.007,349.43,26,3,2,1,4,6,0.856,True,0.977
[C][C][C][C][=C][C][Branch2][Ring1][=Branch2][N][C][=Branch1][C][=O][C][NH1+1][C][C][N][Branch1][=Branch2][C][=C][C][=C][C][=C][Ring1][=Branch1][C][C][Ring1][N][=C][Branch1][C][C][O][Ring2][Ring1][#Branch1],41,True,CCC1C=CC(NC(=O)C[NH1+1]2CCN(C3=CC=CC=C3)CC2)=C(C)O1,CCC1C=CC(NC(=O)C[NH+]2CCN(c3ccccc3)CC2)=C(C)O1,1.104,342.46,25,3,1,2,3,5,0.843,True,1.0
[C][C][C][=C][C][=C][Branch2][Ring1][=N][C][N][C][=Branch1][C][=O][C@@H1][C][C][C][C][=Branch1][C][=O][N][Ring1][#Branch1][C][=C][C][=C][Branch1][C][F][C][=C][Ring1][#Branch1][C][=C][Ring2][Ring1][Branch2][O],43,True,CCC1=CC=C(CNC(=O)[C@@H1]2CCCC(=O)N2C3=CC=C(F)C=C3)C=C1O,CCc1ccc(CNC(=O)[C@@H]2CCCC(=O)N2c2ccc(F)cc2)cc1O,3.296,370.42,27,3,2,2,3,5,0.848,True,1.0
[C][C][=C][C][=C][C][Branch2][Ring1][#C][N][C][=Branch1][C][=O][C][N][C][=Branch1][C][=O][N][C][C][N][Branch1][=Branch2][C][=C][C][=N][C][=C][Ring1][=Branch1][C][C][Ring1][N][=O][=C][Ring2][Ring1][=Branch2],43,True,CC=C1C=CC(NC(=O)CNC(=O)N2CCN(C3=CC=NC=C3)CC2=O)=C1,CC=C1C=CC(NC(=O)CNC(=O)N2CCN(c3ccncc3)CC2=O)=C1,0.956,367.41,27,3,1,2,5,4,0.826,True,1.0
[C][C][=C][C][=C][C][Branch2][Ring1][=N][N][C][=Branch1][C][=O][C@H1][C][C][C][N][Branch1][=N][C][=Branch1][C][=O][C][C@@H1][C][C][C][O][Ring1][Branch1][C][Ring1][=N][=O][=C][Ring2][Ring1][Branch2],41,True,CC1=CC=CC(NC(=O)[C@H1]C2CCN(C(=O)C[C@@H1]3CCCO3)C2=O)=C1,Cc1cccc(NC(=O)[CH]C2CCN(C(=O)C[C@@H]3CCCO3)C2=O)c1,2.082,343.4,25,3,1,1,4,5,0.888,True,1.0
[C][C][=C][C][=C][Branch2][Ring1][=N][C][=Branch1][C][=O][C][N][C][=Branch1][C][=O][C@H1][C][C][C][N][Ring1][Branch1][C][=Branch1][C][=O][C][C][O][C][C][Ring1][Branch1][C][=C][Ring2][Ring1][Branch2],41,True,CC1=CC=C(C(=O)CNC(=O)[C@H1]2CCCN2C(=O)C3COCC3)C=C1,Cc1ccc(C(=O)CNC(=O)[C@H]2CCCN2C(=O)C2CCOC2)cc1,1.321,344.41,25,3,1,1,4,5,0.818,True,1.0
[C][C][=C][C][=C][Branch2][Ring1][N][C][=Branch1][C][=O][C][N][C][=Branch1][C][=O][N][C][C][Branch1][=Branch2][C][=C][C][=C][C][=C][Ring1][=Branch1][C][C][Ring1][O][C][=C][Ring2][Ring1][#Branch1][F],41,True,CC1=CC=C(C(=O)CNC(=O)N2CC(C3=CC=CC=C3)CC2)C=C1F,Cc1ccc(C(=O)CNC(=O)N2CCC(c3ccccc3)C2)cc1F,3.516,340.4,25,3,2,1,2,4,0.866,True,1.0
[C][C][=C][C][=C][Branch2][Ring1][=C][C][C@@H1][Branch1][C][C][C][=Branch1][C][=O][N][C][C][C][NH1+1][Branch1][#Branch2][C][=C][C][=C][C][=C][Ring1][=Branch1][C][C][C][Ring1][=N][C][=C][Ring2][Ring1][=Branch2],42,True,CC1=CC=C(C[C@@H1](C)C(=O)NC2CC[NH1+1](C3=CC=CC=C3C)CC2)C=C1,Cc1ccc(C[C@@H](C)C(=O)NC2CC[NH+](c3ccccc3C)CC2)cc1,2.977,351.51,26,3,2,2,1,5,0.853,True,1.0
[C][O][C][=C][C][=C][Branch2][Ring1][=N][C][=Branch1][C][=O][N][C][C][C][N][Branch1][=C][C][=Branch1][C][=O][C][=C][C][=C][C][=C][Ring1][=Branch1][Cl][C][C][Ring1][#C][C][=C][Ring2][Ring1][Branch2],42,True,COC1=CC=C(C(=O)NC2CCN(C(=O)C3=CC=CC=C3Cl)CC2)C=C1,COc1ccc(C(=O)NC2CCN(C(=O)c3ccccc3Cl)CC2)cc1,3.383,372.85,26,3,2,1,3,4,0.895,True,1.0
[C][C][=C][C][=C][Branch2][Ring1][#Branch2][C][=Branch1][C][=O][N][C@@H1][C][N][Branch1][=N][C][=Branch1][C][=O][C][C][C][C][C][C@@H1][Ring1][Branch1][C][Ring1][=N][=O][C][=Ring2][Ring1][Branch1][C][=C][Ring2][Ring1][=Branch2],43,True,C1C2=CC=C(C(=O)N3[C@@H1]CN(C(=O)CC4CCC[C@@H1]4)C3)OC2C=C1,O=C(C1=CC=C2CC=CC2O1)N1[CH]CN(C(=O)CC2[CH]CCC2)C1,2.34,326.4,24,4,0,0,3,3,0.748,True,0.884
[N][C][=C][C][=C][Branch2][Ring1][#C][C][=Branch1][C][=O][N][C][C][N][Branch1][S][C][=Branch1][C][=O][N][C][C][C][C@H1][Branch1][C][O][C][Ring1][#Branch1][C][C][Ring1][#C][C][=C][Ring2][Ring1][#Branch1],42,True,NC1=CC=C(C(=O)N2CCN(C(=O)N3CCC[C@H1](O)C3)CC2C)C1,CC1CN(C(=O)N2CCC[C@H](O)C2)CCN1C(=O)C1=CC=C(N)C1,0.269,334.42,24,3,0,2,4,1,0.72,True,0.952
[C][C][=C][C][=C][Branch2][Ring1][#C][C][N][C][=Branch1][C][=O][C][C][=Branch1][C][=O][N][C][C][N][Branch1][#Branch2][C][C][=C][C][=C][C][=C][Ring1][=Branch1][C][C][Ring1][=N][C][=C][Ring2][Ring1][=Branch2],43,True,CC=C1C=C(CNC(=O)CC(=O)N2CCN(CC3=CC=CC=C3)CC2)C=C1,CC=C1C=CC(CNC(=O)CC(=O)N2CCN(Cc3ccccc3)CC2)=C1,2.28,365.48,27,3,1,1,3,6,0.787,True,1.0
[C][C][=C][C][=C][C][Branch2][Ring1][=C][N][C][=Branch1][C][=O][C][=C][C][=C][C][=C][Ring1][=Branch1][C][=Branch1][C][=O][N][C][N][C][C][C][C][C][Ring1][=Branch1][C][=C][Ring2][Ring1][=Branch2],41,True,C1C=CC=CC1NC(=O)C2=CC=CC=C2C(=O)NCN3CCCCC3C=C,C=CC1CCCCN1CNC(=O)c1ccccc1C(=O)NC1C=CC=CC1,3.029,365.48,27,3,1,2,3,6,0.762,True,0.902
[C][C][O][C][=C][C][=C][C][Branch2][Ring1][O][N][C][=Branch1][C][=O][N][Branch1][C][C][C][C][=C][C][=C][C][=N][Ring1][=Branch1][N][C][C][O][C][C][Ring1][=Branch1][=C][Ring2][Ring1][#Branch1],41,True,C1COC=CC=CC(NC(=O)N(C)CC2=CC=CC=N2)=C1,CN(Cc1ccccn1)C(=O)NC1=CCCOC=CC=C1,2.597,285.35,21,2,1,1,3,3,0.928,True,0.707
[C][C][=C][C][=C][Branch2][Ring1][=C][Branch1][C][N][C][=Branch1][C][=O][N][C][C][N][Branch1][#C][C][=Branch1][C][=O][O][C][Branch1][C][C][Branch1][C][C][C][C][Ring1][=N][C][=C][Ring2][Ring1][#Branch1],42,True,C12C=CC=C(CNC(=O)NCCN1C(=O)OC(C)(C)CC)C=C2,CCC(C)(C)OC(=O)N1CCNC(=O)NCC2=CC=CC1C=C2,2.347,319.41,23,2,0,2,3,2,0.821,True,0.833
[C][C][=C][C][=C][C][Branch2][Ring1][N][N][C][=Branch1][C][=O][C][=Branch1][C][=O][N][C][C][C][=C][C][=C][C][=C][Ring1][=Branch1][C@H1][C][C][C][O][Ring1][Branch1][C][=C][Ring2][Ring1][=Branch2],41,True,CC=C1C=CC(NC(=O)C(=O)NCCC2=CC=CC=C2[C@H1]3CCCO3)C=C1,CC=C1C=CC(NC(=O)C(=O)NCCc2ccccc2[C@H]2CCCO2)C=C1,2.754,366.46,27,3,1,2,3,5,0.788,True,1.0
[C][C@@H1][Branch1][Ring1][C][NH3+1][C][=C][C][=C][C][=C][Ring1][=Branch1][N][C][=Branch1][C][=O][N][C][C][C@H1][Branch1][=C][C][C][O][C][=C][C][=C][C][=C][Ring1][=Branch1][C][Ring1][=N],39,True,C[C@@H1](C[NH3+1])C1=CC=CC=C1NC(=O)NC2C[C@H1]CCOC3=CC=CC=C3C2,C[C@@H](C[NH3+])c1ccccc1NC(=O)NC1C[CH]CCOc2ccccc2C1,3.142,367.49,27,3,2,3,2,4,0.776,True,0.949
[C][C][C][=C][C][=C][Branch2][Ring1][=N][C][C][=Branch1][C][=O][N][C][C][N][Branch1][#C][C][=Branch1][C][=O][C][NH1+1][C][C][C][C][C][Ring1][=Branch1][C][C][Ring1][=C][C][=C][Ring2][Ring1][=Branch2],42,True,CC1C=CC=C(CC(=O)NC2CN(C(=O)C[NH1+1]3CCCCC3C)C2)C=C1,CC1C=CC=C(CC(=O)NC2CN(C(=O)C[NH+]3CCCCC3C)C2)C=C1,0.849,358.51,26,3,0,2,2,5,0.766,True,1.0
[C][O][C][=C][C][=C][Branch2][Ring1][N][C][=Branch1][C][=O][N][C][=Branch1][C][=O][C][=C][C][=C][Branch1][C][O][C][=C][Ring1][#Branch1][N][C][C][C][C][Ring1][Branch1][C][=C][Ring2][Ring1][=Branch2],41,True,C1OC=CC=C(C(=O)NC(=O)C2=CC=C(O)C=C2N3CCCC3)C=C1,O=C(NC(=O)c1ccc(O)cc1N1CCCC1)C1=CC=COCC=C1,2.275,340.38,25,3,1,2,5,3,0.825,True,0.927
[C][C][=C][C][=C][Branch2][Ring1][=C][C][=Branch1][C][=O][N][N][C][=Branch1][C][=O][C][=C][C][=C][Branch1][#Branch2][C][=C][C][=N][C][=C][Ring1][=Branch1][Cl][C][=C][Ring1][O][C][=C][Ring2][Ring1][Branch2],42,True,CC=C1C=C(C(=O)NNC(=O)C=CC2=C(C3=CC=NC=C3Cl)C=C2)C=C1,CC=C1C=CC(C(=O)NNC(=O)C=CC2=C(c3ccncc3Cl)C=C2)=C1,3.205,365.82,26,3,1,2,3,4,0.635,True,1.0
[C][C][Branch1][C][C][NH1+1][C][C][N][Branch2][Ring1][=Branch2][C][=Branch1][C][=O][C][N][C][=Branch1][C][=O][C][C][C][=C][C][=C][C][=C][C][=C][Ring1][=Branch1][Ring1][O][C][C][Ring2][Ring1][=Branch1],41,True,CC(C)[NH1+1]1CCN(C(=O)CNC(=O)CCC=CC2=CC=CC=C2)CC1,CC(C)[NH+]1CCN(C(=O)CNC(=O)CCC=Cc2ccccc2)CC1,0.732,344.48,25,2,1,2,2,7,0.766,True,0.951
[C][C][=C][C][=C][Branch2][Ring1][#C][C][=Branch1][C][=O][N][Branch1][C][C][C][=Branch1][C][=O][N][C][C][N][Branch1][#Branch2][C][=C][C][=C][C][=C][Ring1][=Branch1][C][C][Ring1][N][C][=C][Ring2][Ring1][Branch2],43,True,CC1=CC=C(C(=O)N(C)C(=O)N2CCN(C3=CC=CC=C3C)C2)C=C1,Cc1ccc(C(=O)N(C)C(=O)N2CCN(c3ccccc3C)C2)cc1,3.275,337.42,25,3,2,0,3,2,0.845,True,1.0
[C][C][=C][C][=C][Branch2][Ring1][=C][C][N][C][=Branch1][C][=O][C@@H1][Branch1][C][C][C][=Branch1][C][=O][N][C][C][C][C][C][=C][C][=C][C][=C][Ring1][=Branch1][C][=C][Ring2][Ring1][#Branch1],40,True,C1C=CC=C1CNC(=O)[C@@H1](C)C(=O)NCCCCC2=CC=CC=C2C=C,C=Cc1ccccc1CCCCNC(=O)[C@H](C)C(=O)NCC1=CC=CC1,3.407,352.48,26,2,1,2,2,10,0.501,True,0.9
[C][C][=C][C][=C][Branch2][Ring1][=N][C][=Branch1][C][=O][N][C][C][C][C@@H1][Branch1][#Branch2][C][=C][C][=C][C][=C][Ring1][=Branch1][N][Branch1][C][C][C][C][Ring1][#C][C][=C][Ring2][Ring1][#Branch1][F],41,True,CC=C1C=C(C(=O)NC2CC[C@@H1](C3=CC=CC=C3N)CCCC2C)C1F,CC=C1C=C(C(=O)NC2CC[C@@H](c3ccccc3N)CCCC2C)C1F,4.662,356.49,26,3,1,2,2,3,0.774,True,0.976
[C][C][=C][C][=C][Branch2][Ring1][=N][C][=Branch1][C][=O][N][C][C][C][N][Branch1][S][C][C][=Branch1][C][=O][N][C][C][C][C][C][C][Ring1][=Branch1][C][Ring1][#C][C][=C][Ring2][Ring1][=Branch2],41,True,C12C=CC=C(C(=O)NCCCN1CC(=O)NC3CCCCC3C)C=C2,CC1CCCCC1NC(=O)CN1CCCNC(=O)C2=CC=CC1C=C2,1.924,343.47,25,3,0,2,3,3,0.823,True,0.854
[C][C][=C][C][=C][C][Branch2][Ring1][N][C][=Branch1][C][=O][N][C][C][N][Branch1][=C][C][=Branch1][C][=O][C][C][=C][C][=C][C][=C][Ring1][=Branch1][C][C][Ring1][#C][=C][Ring2][Ring1][#Branch1],40,True,CC1=CC=CC(C(=O)N2CCN(C(=O)CC3=CC=CC=C3)CC2)=C1,Cc1cccc(C(=O)N2CCN(C(=O)Cc3ccccc3)CC2)c1,2.522,322.41,24,3,2,0,2,3,0.871,True,1.0
[C][C][=C][C][=C][Branch2][Ring1][=N][O][S][N][Branch1][C][C][C][=Branch1][C][=O][C][=C][C][=C][Branch1][=Branch1][N+1][=Branch1][C][=O][O-1][C][=C][Ring1][=Branch2][S][Ring1][N][C][=C][Ring2][Ring1][#Branch1],41,True,C1C=CC=C(OSN(C)C(=O)C2=CC=C([N+1](=O)[O-1])C=C2S)C=C1,CN(SOC1=CC=CCC=C1)C(=O)c1ccc([N+](=O)[O-])cc1S,3.935,350.42,23,2,1,1,6,5,0.286,True,0.854
[C][C][=C][C][=C][Branch2][Ring1][=Branch2][N][Branch1][C][C][C][=Branch1][C][=O][N][C][C][C][=Branch1][C][=O][N][C][C][C][C][C][Ring1][=Branch1][C][=C][Ring2][Ring1][Ring2],36,True,CC=C1C=C(N(C)C(=O)NCCC(=O)N2CCCCC2C)C1,CC=C1C=C(N(C)C(=O)NCCC(=O)N2CCCCC2C)C1,2.653,305.42,22,2,0,1,2,4,0.868,True,1.0
[C][C][=C][C][=C][Branch2][Ring1][P][C][=Branch1][C][=O][N][Branch1][C][C][C][=Branch1][C][=O][N][C][C][C][C@@H1][Ring1][Branch1][C][=Branch1][C][=O][N][C][C][C][C][Ring1][Branch1][C][=C][Ring2][Ring1][=Branch2],43,True,C1C=CC=C1C(=O)N(C)C(=O)N2CCC[C@@H1]2C(=O)N3CCCC3C=C,C=CC1CCCN1C(=O)[C@H]1CCCN1C(=O)N(C)C(=O)C1=CC=CC1,2.092,343.43,25,3,0,0,3,3,0.737,True,0.907
[C][C][=C][C][=C][C][Branch2][Ring1][#C][N][C][=Branch1][C][=O][C][=Branch1][C][=O][N][C][=C][C][=C][C][=C][Ring1][=Branch1][O][C][C][=C][C][=C][C][=C][Ring1][=Branch1][=C][Ring2][Ring1][=Branch2],41,True,CC=C1C=CCNC(=O)C(=O)NC2=CC=CC=C2OCC3=CC=CC=C3C1,CC=C1C=CCNC(=O)C(=O)Nc2ccccc2OCc2ccccc2C1,3.379,362.43,27,3,2,2,3,0,0.706,True,0.927
[C][C][=C][C][=C][C][Branch2][Ring1][=N][C][=Branch1][C][=O][N][C][C][C][N][Branch1][=C][C][=Branch1][C][=O][C][=C][C][=N][C][=C][Ring1][=Branch1][Cl][C][C][Ring1][#C][C][=C][Ring2][Ring1][=Branch2],42,True,CC1=CC=CC(C(=O)NC2CCN(C(=O)C3=CC=NC=C3Cl)CC2)C=C1,CC1=CC=CC(C(=O)NC2CCN(C(=O)c3ccncc3Cl)CC2)C=C1,3.144,371.87,26,3,1,1,3,3,0.887,True,1.0
[C][#C][C][=C][C][=C][Branch2][Ring1][=N][N][C][=Branch1][C][=O][C][=C][C][=C][C][=C][C][=C][C][=C][Ring1][=Branch1][Ring1][O][C][C][C][O][C][C][Ring1][=Branch1][C][=C][Ring2][Ring1][=Branch2],41,True,C1#CC=CC=C(NC(=O)C=CC=CC2=CC=CC=C2)C1,O=C(C=CC=Cc1ccccc1)NC1=CC=CC#CC1,3.219,261.32,20,2,1,1,1,4,0.503,True,0.634
[C][C][=C][C][=C][Branch2][Ring1][=C][C][=Branch1][C][=O][N][C][C][NH1+1][Branch1][#C][C][C][C][=C][C][=C][Branch1][C][F][C][=C][Ring1][#Branch1][Cl][C][C][Ring1][P][C][=C][Ring2][Ring1][Branch2],41,True,CC1=CC=C(C(=O)NCC[NH1+1](CCC2=CC=C(F)C=C2Cl)CCC)C1,CCC[NH+](CCNC(=O)C1=CC=C(C)C1)CCc1ccc(F)cc1Cl,2.709,365.9,25,2,1,2,1,9,0.693,True,0.927
[C][C][=C][C][=C][C][Branch2][Ring1][=N][N][C][=Branch1][C][=O][C][=C][C][=C][Branch1][=N][C][=Branch1][C][=O][N][C][=C][C][=C][C][=C][Ring1][=Branch1][S][Ring1][=C][C][=C][Ring2][Ring1][=Branch2],41,True,C1C=CC=CC(NC(=O)C2=CC=C(C(=O)NC3=CC=CC=C3)S2C)=C1,C[SH]1C(C(=O)NC2=CCC=CC=C2)=CC=C1C(=O)Nc1ccccc1,3.554,352.46,25,3,1,3,2,4,0.726,True,0.902
[C][C][=C][C][=C][Branch2][Ring1][=N][C][=Branch1][C][=O][N][C][C][N][Branch1][#C][C][=Branch1][C][=O][C][C][=C][C][=C][C][=C][Ring1][=Branch1][Cl][C][C][Ring1][#C][C][=C][Ring2][Ring1][Branch2],41,True,CC1=CC=C(C(=O)NC2CN(C(=O)CC3=CC=CC=C3Cl)CC2)C=C1,Cc1ccc(C(=O)NC2CCN(C(=O)Cc3ccccc3Cl)C2)cc1,3.222,356.85,25,3,2,1,2,4,0.914,True,1.0
[C][C][NH1+1][C][C][N][Branch2][Ring1][=N][C][=Branch1][C][=O][N][C][C][N][Branch1][=N][C][=Branch1][C][=O][C][=C][C][=C][C][=C][Ring1][=Branch1][C][C][=Ring1][=N][C][C][Ring2][Ring1][#Branch1],40,True,C1C[NH1+1]CCN1C(=O)NC=2CN(C(=O)C3=CC=CC=C3)CC=2CC,CCC1=C(NC(=O)N2CC[NH+]CC2)CN(C(=O)c2ccccc2)C1,0.181,328.42,24,3,1,2,3,3,0.831,True,0.975
[C][C][Branch1][C][C][C][C][=C][Branch2][Ring1][#Branch2][C][=Branch1][C][=O][N][C][C][=Branch1][C][=O][N][C][C@@H1][C][O][C][=C][C][=C][C][=C][Ring1][=Branch1][Ring1][#Branch2][C][=N][Ring2][Ring1][#Branch1],41,True,CC(C1)CC=C(C(=O)NCC(=O)NC2[C@@H1]COC3=CC=CC=C32)C=N1,CC1CC=C(C(=O)NCC(=O)NC2[CH]COc3ccccc32)C=NC1,1.594,340.4,25,3,1,2,4,4,0.874,True,0.951
[C][O][C][=C][C][=C][Branch2][Ring1][O][C][=Branch1][C][=O][N][C][C][N][Branch1][=C][C][=Branch1][C][=O][C][C][Branch1][C][C][Branch1][C][C][C][C][C][Ring1][=C][C][=C][Ring2][Ring1][Branch1],41,True,COC1=CC=C(C(=O)NCCN(C(=O)CC(C)(C)C)CC)C=C1,CCN(CCNC(=O)c1ccc(OC)cc1)C(=O)CC(C)(C)C,2.71,320.43,23,1,1,1,3,7,0.84,True,0.927
[C][C][=C][C][=C][C][Branch2][Ring1][N][C][=Branch1][C][=O][C][Branch1][C][C][N][C][C][N][Branch1][#Branch2][C][=C][C][=C][C][=C][Ring1][=Branch1][C][C][C][Ring1][=N][=O][=C][Ring2][Ring1][#Branch1][C],42,True,CC=CC=CC(C(=O)C(C)N1CCN(C2=CC=CC=C2C)CC1)=O,CC=CC=CC(=O)C(=O)C(C)N1CCN(c2ccccc2C)CC1,2.776,326.44,24,2,1,0,4,6,0.458,True,0.857
[C][C][=C][C][=C][Branch1][C][F][C][Branch2][Ring1][#Branch2][N][C][=Branch1][C][=O][N][C][C][N][Branch1][=Branch2][C][=C][C][=C][C][=C][Ring1][=Branch1][C][C][C][Ring1][N][=C][Ring2][Ring1][#Branch1],40,True,C1C=CC=C(F)C1NC(=O)NC2CN(C3=CC=CC=C3)CCC2=C,C=C1CCN(c2ccccc2)CC1NC(=O)NC1CC=CC=C1F,3.303,327.4,24,3,1,2,2,3,0.837,True,0.85
[C][C][=C][C][=C][C][Branch2][Ring1][=N][N][C][C][N][Branch1][P][C][=Branch1][C][=O][C][=C][C][=C][Branch1][C][Cl][C][=N][Ring1][#Branch1][C][C][C][Ring1][#C][=O][=C][Ring2][Ring1][#Branch1],40,True,C1C=CC=CC1N2CCN(C(=O)C3=CC=C(Cl)C=N3)CC2=O,O=C(c1ccc(Cl)cn1)N1CCN(C2C=CC=CC2)C(=O)C1,1.904,317.78,22,3,1,0,3,2,0.837,True,0.9
[C][O][C][=C][C][=C][Branch2][Ring1][=N][N][C][=Branch1][C][=O][C@@][Branch1][C][C][Branch1][C][O][Branch1][C][C][C][=C][C][=C][C][=C][Ring1][=Branch1][C][C][C][C][Ring1][Branch1][C][=C][Ring2][Ring1][=Branch2],43,True,COC=CC=C(NC(=O)[C@@](C)(O)CCC1=CC=CC=C1CCCC)C=C,C=CC(=CC=COC)NC(=O)[C@@](C)(O)CCc1ccccc1CCCC,4.059,357.49,26,1,1,2,3,11,0.464,True,0.837
[C][C][=C][C][=C][C][Branch2][Ring1][=C][C][NH1+1][C][C][N][Branch1][P][C][=Branch1][C][=O][N][C][=C][C][=C][Branch1][C][Br][C][=C][Ring1][#Branch1][C][C][Ring1][P][=O][=N][Ring2][Ring1][Branch2],41,True,C1C=CC=CC1C2[NH1+1]CCN(C(=O)NC3=CC=C(Br)C=C3)CC2=O,O=C1CN(C(=O)Nc2ccc(Br)cc2)CC[NH+]C1C1C=CC=CC1,1.716,390.28,24,3,1,2,3,2,0.808,True,0.878
[C][C][C][C][=N][C][Branch2][Ring1][#Branch2][C][C][N][C][=Branch1][C][=O][C][C][C][=Branch1][C][=O][N][C][=C][C][=C][C][=C][Ring1][=Branch1][Cl][C][=Ring2][Ring1][Branch1][=C][S][Ring2][Ring1][#Branch2],41,True,C1C2CC=NC2(CCNC(=O)CCC(=O)NC3=CC=CC=C3Cl)CS1,O=C(CCC(=O)Nc1ccccc1Cl)NCCC12CSCC1CC=N2,3.141,379.91,25,3,1,2,4,7,0.764,True,0.854
[C][C][=C][C][=C][Branch2][Ring1][N][C][=Branch1][C][=O][N][C][C][=Branch1][C][=O][N][Branch1][C][C][C][C][C][=C][C][=C][C][Branch1][C][Cl][=C][Ring1][#Branch1][C][=C][Ring2][Ring1][#Branch1],40,True,CC1=CC=C(C(=O)NCC(=O)N(C)CCC2=CC=CC(Cl)=C2)C=C1,Cc1ccc(C(=O)NCC(=O)N(C)CCc2cccc(Cl)c2)cc1,3.079,344.84,24,2,2,1,2,6,0.875,True,1.0
[C][C][=C][C][=C][Branch2][Ring1][=N][C][=Branch1][C][=O][N][Branch1][C][C][C][=Branch1][C][=O][N][Branch1][O][C][C][=C][C][=C][C][=C][Ring1][=Branch1][C][C][Ring1][Ring1][C][=C][Ring2][Ring1][#Branch1],41,True,C1C=CC=C(C(=O)N(C)C(=O)N(CC2=CC=CC=C2C)C)C=C1,Cc1ccccc1CN(C)C(=O)N(C)C(=O)C1=CC=CCC=C1,3.448,310.4,23,2,1,0,2,3,0.858,True,0.854
[C][O][C][=C][C][=C][Branch2][Ring1][=N][C][C][=Branch1][C][=O][N][C][C][C][N][Branch1][=N][C][=Branch1][C][=O][C][C][C][C][O][Ring1][Branch1][C][C][Ring1][=C][C][=C][Ring2][Ring1][Branch2],41,True,C1OC=CC=C(CC(=O)NCCCN(C(=O)C2CCCO2)CC)C1,CCN(CCCNC(=O)CC1=CC=COCC1)C(=O)C1CCCO1,1.771,336.43,24,2,0,1,4,8,0.686,True,0.854
[C][C][=C][C][=C][C][Branch2][Ring1][O][C][N][C][=Branch1][C][=O][C][C][=C][C][Branch1][=Branch2][C][=C][C][=C][C][=C][Ring1][=Branch1][=N][N][Ring1][O][C][Ring1][=C][=O][=C][Ring2][Ring1][Branch2],41,True,CC=CC=CC(CNC(=O)CC1=CC(C2=CC=CC=C2)=NN1C)=O,CC=CC=CC(=O)CNC(=O)Cc1cc(-c2ccccc2)nn1C,2.447,323.4,24,2,2,1,4,7,0.629,True,0.829
[C][C][=C][C][=C][C][Branch2][Ring1][=N][N][C][C][C][N][Branch1][S][C][=Branch1][C][=O][N][C][S][C][=C][C][=C][C][=C][Ring1][=Branch1][C][C][Ring1][#C][P][=O][=C][Ring2][Ring1][=Branch2],41,True,CC=C1C=CC(NCCC2N(C(=O)NCSC3=CC=CC=C3)CC2P=O)=C1,CC=C1C=CC(NCCC2C(P=O)CN2C(=O)NCSc2ccccc2)=C1,4.17,401.47,27,3,1,2,4,8,0.39,True,1.0
[C][C][=Branch1][C][=O][C][=C][C][=C][C][Branch2][Ring1][#Branch2][N][C][=Branch1][C][=O][C][C][C][N][Branch1][#Branch2][C][=N][C][=C][C][=C][Ring1][=Branch1][C][C][Ring1][N][=C][Ring2][Ring1][Ring1],40,True,CC(=O)C=CC1=CCNC(=O)C2CCN(C3=NC=CC=C3C)C2=C1,CC(=O)C=CC1=CCNC(=O)C2CCN(c3ncccc3C)C2=C1,2.302,323.4,24,3,1,1,4,3,0.867,True,0.925
[C][C][O][C][=C][C][=C][C][Branch2][Ring1][#Branch2][N][C][=Branch1][C][=O][N][C][C][C][NH1+1][Branch1][#Branch2][C][NH1+1][C][C][O][C][C][Ring1][=Branch1][C][C][Ring1][=N][=C][Ring2][Ring1][#Branch1],40,True,CCOC1=CC=CC(NC(=O)NC2CC[NH1+1](C[NH1+1]3CCOCC3)CC2)=C1,CCOc1cccc(NC(=O)NC2CC[NH+](C[NH+]3CCOCC3)CC2)c1,-0.873,364.49,26,3,1,4,3,6,0.53,True,1.0
[C][C][=C][C][=C][Branch2][Ring1][=N][C][C][=Branch1][C][=O][N][C][C][C][N][Branch1][=N][C][C][=Branch1][C][=O][N][Branch1][Ring1][C][C][C][C][C][C][Ring1][=N][C][=C][Ring2][Ring1][#Branch1],41,True,CC=C1C=C(CC(=O)NCC2CN(CC(=O)N(CC)CC)CC2)C=C1,CC=C1C=CC(CC(=O)NCC2CCN(CC(=O)N(CC)CC)C2)=C1,2.125,345.49,25,2,0,1,3,8,0.733,True,1.0
[C][C][=C][C][=C][C][Branch2][Ring1][N][O][C@@H1][Branch1][C][C][C][=Branch1][C][=O][N][C][C][C][N][Branch1][=Branch2][C][=N][C][=C][C][=C][Ring1][=Branch1][C][C][Ring1][N][=C][Ring2][Ring1][#Branch1],41,True,CC=C1C=CC(O[C@@H1](C)C(=O)NC2CCN(C3=NC=CC=C3)CC2)=C1,CC=C1C=CC(O[C@@H](C)C(=O)NC2CCN(c3ccccn3)CC2)=C1,2.972,339.44,25,3,1,1,4,5,0.896,True,1.0
[C][O][C][=C][C][=C][Branch2][Ring1][=N][N][C][=Branch1][C][=O][N][C][C][C][C][N][Branch1][O][C][=Branch1][C][=O][O-1][Branch1][C][C][C][C][C][C][Ring1][N][C][=C][Ring2][Ring1][#Branch1],41,True,C1OC=CC=C(NC(=O)NCCCCN(C(=O)[O-1])CCC)C1,CCCN(CCCCNC(=O)NC1=CC=COCC1)C(=O)[O-],0.939,310.37,22,1,0,2,4,8,0.652,True,0.756
[C][C][=C][C][=N][C][Branch2][Ring1][#C][C@H1][Branch1][C][C][C][=Branch1][C][=O][N][C][C][C][N][Branch1][O][C][C][C][=C][C][=C][C][=C][Ring1][=Branch1][C][C][Ring1][=C][=C][Ring2][Ring1][=Branch2],42,True,C1C=CC=NC1[C@H1](C)C(=O)NC2CCN(CCC3=CC=CC=C3)CC2=C,C=C1CN(CCc2ccccc2)CCC1NC(=O)[C@@H](C)C1CC=CC=N1,3.011,351.49,26,3,1,1,3,6,0.801,True,0.905
[C][C][=C][C][=C][C][Branch2][Ring1][#Branch2][C][=Branch1][C][=O][N][C][C][N][Branch1][=N][C][=Branch1][C][=O][N][C][C][C][C][Ring1][Branch1][C][C][Ring1][=N][=C][Ring2][Ring1][Branch1],38,True,CC1=CC=CC(C(=O)N2CCN(C(=O)N3CCCC3C)C2)=C1,Cc1cccc(C(=O)N2CCN(C(=O)N3CCCC3C)C2)c1,2.315,301.39,22,3,1,0,2,1,0.799,True,1.0
[C][C][=C][C][=C][Branch2][Ring1][=N][C][=Branch1][C][=O][N][C][C][=Branch1][C][=O][N][C@H1][C@H1][C][C][C][NH1+1][Ring1][=Branch1][C][C@H1][C][C][C][C][Ring1][Branch1][C][=C][Ring2][Ring1][=Branch2],40,True,CC1=CC=C(C(=O)NCC(=O)N[C@H1]2[C@H1]CCC[NH1+1]2C[C@H1]3CCCC3C)C1,CC1=CC=C(C(=O)NCC(=O)N[C@H]2[CH]CCC[NH+]2C[C@H]2CCCC2C)C1,1.14,359.51,26,3,0,3,2,6,0.666,True,1.0
[C][C][O][C][=C][C][=C][Branch2][Ring1][#Branch2][C][N][C][=Branch1][C][=O][C][=C][C][=N][C][Branch1][=Branch2][N][C][C][O][C][C][Ring1][=Branch1][=C][S][Ring1][O][C][=C][Ring2][Ring1][#Branch1],40,True,CCOC1=CC=C(CNC(=O)C=CC2=NC(N3CCOCC3)=CS2)C=C1,CCOc1ccc(CNC(=O)C=Cc2nc(N3CCOCC3)cs2)cc1,2.708,373.48,26,3,2,1,6,7,0.756,True,1.0
[C][C][=C][C][=C][Branch2][Ring1][N][C][C][C][=Branch1][C][=O][N][C][C][C][N][Branch1][N][C][=N][C][=C][C][=N][Ring1][=Branch1][C][#N][C][C][C][Ring1][=N][C][=C][Ring2][Ring1][=Branch2],41,True,C1C=CC=C(CCC(=O)N2CCCN(C3=NC=CC=N3)CC2)C=C1,O=C(CCC1=CC=CCC=C1)N1CCCN(c2ncccn2)CC1,2.738,324.43,24,3,1,0,4,4,0.854,True,0.829
[C][C][=C][C][=C][Branch2][Ring1][=N][C][=Branch1][C][=O][N][C][C][C][C][N][Branch1][=C][C][=Branch1][C][=O][N][C][C][O][C][C][Ring1][=Branch1][C][C][Ring1][=C][N][=C][Ring2][Ring1][Branch2],41,True,CC1=CC=C(C(=O)NCC2CCN(C(=O)N3CCOCC3C)C2)N=C1,Cc1ccc(C(=O)NCC2CCN(C(=O)N3CCOCC3C)C2)nc1,1.282,346.43,25,3,1,1,4,3,0.895,True,1.0
[C][C][=C][C][=C][Branch2][Ring1][O][C][=Branch1][C][=O][N][C][C][N][Branch1][=C][C][=Branch1][C][=O][C][=C][C][=C][C][=C][Ring1][=Branch1][C][C][Ring1][=N][C][=C][Ring2][Ring1][=Branch1],39,True,CC1=CC=C(C(=O)NC2CN(C(=O)C3=CC=CC=C3C)C2)C=C1,Cc1ccc(C(=O)NC2CN(C(=O)c3ccccc3C)C2)cc1,2.558,308.38,23,3,2,1,2,3,0.947,True,1.0
[C][#C][C][=C][C][=C][Branch2][Ring1][=N][C][C][=Branch1][C][=O][N][C][C][N][Branch1][=N][C][=Branch1][C][=O][C][=C][C][=C][C][=C][Ring1][=Branch1][S][C][C][Ring1][=C][C][=C][Ring2][Ring1][Branch2],42,True,C#CC1=CC=C(CC(=O)NC2CN(C(=O)C3=CC=CC=C3)SCC2)C=C1,C#Cc1ccc(CC(=O)NC2CCSN(C(=O)c3ccccc3)C2)cc1,2.89,364.47,26,3,2,1,3,4,0.67,True,1.0
[C][C][=C][C][=C][C][Branch2][Ring1][#C][C][C][=Branch1][C][=O][N][C][C][C][C@@H1][Branch1][S][N][C][=Branch1][C][=O][C][=C][C][=C][C][=C][Ring1][=Branch1][Cl][C][C][Ring1][P][=C][=C][Ring2][Ring1][=Branch2],44,True,CC=C1C=CC(CC(=O)NCCC[C@@H1](NC(=O)C2=CC=CC=C2Cl)C)=C=C1,CC=C1C=C=C(CC(=O)NCCC[C@H](C)NC(=O)c2ccccc2Cl)C=C1,4.342,384.91,27,2,1,2,2,8,0.517,True,0.932
[C][C][Branch1][C][C][NH3+1][C][=C][C][=C][Branch2][Ring1][N][N][C][=Branch1][C][=O][N][C][C][C][N][Branch1][N][C][=C][C][=C][Branch1][C][F][C][=C][Ring1][#Branch1][C][C][Ring1][=N][C][=C][Ring2][Ring1][#Branch1],45,True,CC(C)[NH3+1],CC(C)[NH3+],-0.363,60.12,4,0,0,1,0,0,0.395,True,0.133
[C][C][=C][C][=C][C][Branch2][Ring1][=N][N][C][=Branch1][C][=O][N][C][C][N][Branch1][=C][C][=Branch1][C][=O][C][C][NH1+1][C][O][O][O][Ring1][=Branch1][C][C][Ring1][=N][=C][Ring2][Ring1][Branch2],41,True,CC1=CC=CC(NC(=O)NCC2N(C(=O)CC3[NH1+1]COOO3)CC2)=C1,Cc1cccc(NC(=O)NCC2CCN2C(=O)CC2[NH+]COOO2)c1,-0.366,350.38,25,3,1,3,6,5,0.629,True,0.951
[C][C][=C][C][=C][Branch2][Ring1][=N][C][=Branch1][C][=O][C][=Branch1][C][=O][N][C][C][C][C][Ring1][Branch1][C][=Branch1][C][=O][N][C][C][C][C][C][C][Ring1][=Branch1][C][=C][Ring2][Ring1][=Branch2],41,True,C1C=CC=C(C(=O)C(=O)N2CCCC2C(=O)NC3CCCCC3)C=C1,O=C(C(=O)N1CCCC1C(=O)NC1CCCCC1)C1=CC=CCC=C1,2.438,342.44,25,3,0,1,3,4,0.798,True,0.927
[C][C][=C][C][=C][Branch2][Ring1][=N][C][=Branch1][C][=O][N][C][C][C][N][Branch1][S][C][C][=Branch1][C][=O][C][=C][C][=C][C][=C][Ring1][=Branch1][F][C][C][Ring1][S][C][=C][Ring2][Ring1][#Branch1][Cl],43,True,CC=C1C=C(C(=O)N2CCCN(CC(=O)C3=CC=CC=C3F)C2)C=C1Cl,CC=C1C=C(C(=O)N2CCCN(CC(=O)c3ccccc3F)C2)C=C1Cl,3.509,374.84,26,3,1,0,3,4,0.757,True,0.977
[C][C][C][C][C][=C][Branch2][Ring2][Ring1][N][C][=Branch1][C][=O][C][N][C][=Branch1][C][=O][C][C][=N][N][Branch1][=Branch2][C][=C][C][=C][N][=C][Ring1][=Branch1][C][=Ring1][O][C][=Ring2][Ring1][Ring2][C][=C][Ring2][Ring1][=Branch2],46,True,CCCCC=C1NC(=O)CNC(=O)C=2C=NN(C3=CC=CN=C3)C=2C1C=C,C=CC1C(=CCCCC)NC(=O)CNC(=O)c2cnn(-c3cccnc3)c21,2.471,365.44,27,3,2,2,5,5,0.629,True,0.913
[C][C][=C][C][=C][Branch1][C][F][C][=C][Ring1][#Branch1][N][C][=Branch1][C][=O][C][=C][C][=C][C][Branch1][=C][N][C][=Branch1][C][=O][C][=C][C][=C][C][=N][Ring1][=Branch1][=C][Ring1][#C],40,True,CC1=CC=C(F)C=C1NC(=O)C2=CC=CC(NC(=O)C3=CC=CC=N3)=C2,Cc1ccc(F)cc1NC(=O)c1cccc(NC(=O)c2ccccn2)c1,4.034,349.37,26,3,3,2,3,4,0.747,True,1.0
[C][C][C][=C][C][=C][Branch2][Ring1][#Branch2][N][C][=Branch1][C][=O][C][=C][C][=C][C][Branch1][#Branch2][O][C][C][Branch1][C][F][Branch1][C][F][F][=C][Ring1][N][C][=N][Ring2][Ring1][Branch1],39,True,CC1C=CC=C(NC(=O)C=CC=CC(OCC(F)F)F)C=N1,CC1C=CC=C(NC(=O)C=CC=CC(F)OCC(F)F)C=N1,2.705,314.31,22,1,0,1,3,7,0.58,True,0.872
[C][C][=C][C][=C][Branch2][Ring1][#Branch2][C][C][=Branch1][C][=S][N][C][=Branch1][C][=O][C][N][C][Branch1][=Branch2][C][=C][C][=C][C][=C][Ring1][=Branch1][=C][C][Branch1][Ring1][O][C][=C][Ring2][Ring1][Branch2],41,True,C1C=CC=C1CC(=S)NC(=O)CNC(C2=CC=CC=C2)=CC,CC=C(NCC(=O)NC(=S)CC1=CC=CC1)c1ccccc1,3.357,312.44,22,2,1,2,3,6,0.792,True,0.805
[C][C][=C][C][=C][C][Branch2][Ring1][#Branch2][N][C][=Branch1][C][=O][C][N][C][C][NH1+1][Branch1][O][C][C][C][=C][C][=C][C][=C][Ring1][=Branch1][F][C][Ring1][N][C][=C][Ring2][Ring1][#Branch1],40,True,CC=CC1=CC(NC(=O)CNCC[NH1+1](CCC2=CC=CC=C2)F)NC=C1,CC=CC1=CC(NC(=O)CNCC[NH+](F)CCc2ccccc2)NC=C1,0.65,359.47,26,2,1,4,3,10,0.367,True,0.95
[C][O][C][=C][C][=C][Branch2][Ring1][#C][C][=Branch1][C][=O][N][C][C][C][Branch1][S][C][=Branch1][C][=O][N][C][C][NH1+1][Branch1][C][C][C][C][Ring1][#Branch1][C][C][Ring1][S][C][=C][Ring2][Ring1][#Branch1],43,True,COC1=CC=C(C(=O)NCCC(C(=O)N2CC[NH1+1](C)CC2)CCC)C1,CCCC(CCNC(=O)C1=CC=C(OC)C1)C(=O)N1CC[NH+](C)CC1,0.126,350.48,25,2,0,2,3,8,0.654,True,0.93
[C][O][C][=C][C][=C][Branch2][Ring1][N][N][C][=Branch1][C][=O][C][=C][C][=C][Branch1][#C][C@H1][Branch1][C][O][C][=C][C][=C][C][=C][Ring1][=Branch1][C][=N][Ring1][=C][C][=C][Ring2][Ring1][#Branch1],41,True,C1OC2=CC=C(NC(=O)C=CC=C1[C@H1](O)C3=CC=CC=C3C=N)C=C2,N=Cc1ccccc1[C@@H](O)C1=CC=CC(=O)Nc2ccc(cc2)OC1,3.231,334.38,25,4,2,3,4,3,0.754,True,0.902
[C][#C][C][=C][C][=C][Branch2][Ring1][N][N][C][=Branch1][C][=O][C][=Branch1][C][=O][C@H1][Branch1][=Branch2][C][=C][C][=C][C][=C][Ring1][=Branch1][N][C][=C][N][=N][Ring1][Branch1][C][=C][Ring2][Ring1][#Branch2],41,True,C1#CC=CC=C(NC(=O)C(=O)[C@H1](C2=CC=CC=C2)N3C=CN=N3)C=C1,O=C(NC1=CC=CC#CC=C1)C(=O)[C@H](c1ccccc1)n1ccnn1,1.566,330.35,25,3,2,1,5,5,0.667,True,0.902
[C][C][=C][C][=C][Branch2][Ring1][#C][C][N][C][=Branch1][C][=O][C][=C][C][=C][C][=C][Ring1][=Branch1][S][=Branch1][C][=O][=Branch1][C][=O][N][C][C][C][C][C][Ring1][=Branch1][S][Ring2][Ring1][=Branch2],41,True,C1C=CC=C1CNC(=O)C2=CC=CC=C2S(=O)(=O)N3CCCCC3S,O=C(NCC1=CC=CC1)c1ccccc1S(=O)(=O)N1CCCCC1S,2.733,378.52,25,3,1,2,4,5,0.774,True,0.902
[C][C][=C][C][=C][Branch2][Ring1][N][C][=Branch1][C][=O][N][C][C][C][Branch1][S][C][=Branch1][C][=O][N][C][C][=C][C][=N][C][=C][Ring1][=Branch1][C][C][Ring1][#C][C][=C][Ring2][Ring1][=Branch2],41,True,C1C=CC=C(C(=O)NC2CC(C(=O)NCC3=CC=NC=C3C)C2)C=C1,Cc1cnccc1CNC(=O)C1CC(NC(=O)C2=CC=CCC=C2)C1,2.344,337.42,25,3,1,2,3,5,0.866,True,0.902
[C][C][=C][C][=C][C][Branch2][Ring1][=C][C][N][C][=Branch1][C][=O][C][N][C][=Branch1][C][=S][N][Branch1][O][C][C][C][=C][C][=C][C][=C][Ring1][=Branch1][F][C][Ring1][S][=O][=C][Ring2][Ring1][=Branch2],43,True,CC=CC=CC(CNC(=O)CNC(=S)N(CCC1=CC=CC=C1)F)=O,CC=CC=CC(=O)CNC(=O)CNC(=S)N(F)CCc1ccccc1,2.108,363.46,25,1,1,2,3,9,0.305,True,0.814
[C][O][C][=C][C][=C][Branch2][Ring1][=N][C][=Branch1][C][=O][N][C@@H1][Branch1][Branch2][C][C][=C][O][C][=Ring1][Branch1][C][C][C][C][C][C][C][C@@H1][Ring1][=Branch1][Ring1][#C][C][=C][Ring2][Ring1][#Branch1],41,True,COC=CC=C(C(=O)N1[C@@H1](C=2C=COC=2)CCC3CCCC[C@@H1]31)C,COC=CC=C(C)C(=O)N1[C@@H](c2ccoc2)CCC2CCCC[C@@H]21,4.608,329.44,24,3,1,0,3,4,0.46,True,0.878
[C][C][=C][C][=C][Branch2][Ring1][=N][C][C@H1][Branch1][C][C][C][=Branch1][C][=O][N][C][C][C@@H1][Branch1][#Branch2][C][=Branch1][C][=O][N][Branch1][C][C][C][C][C][Ring1][O][C][=C][Ring2][Ring1][#Branch1],41,True,C1C=CC=C(C[C@H1](C)C(=O)N2CC[C@@H1](C(=O)N(C)C)CC2)C=C1,C[C@@H](CC1=CC=CCC=C1)C(=O)N1CCC(C(=O)N(C)C)CC1,2.782,316.45,23,2,0,0,2,4,0.8,True,0.902
[C][C][Branch1][C][C][C][O][C][=C][C][=C][Branch2][Ring1][#Branch1][C][N][C][=Branch1][C][=O][C@@H1][Branch1][C][C][C][=C][C][=C][C][=C][Ring1][=Branch1][C][C@H1][Ring1][N][C][=C][Ring2][Ring1][Ring2],41,True,CC(C)COC1=CC=C(CNC(=O)[C@@H1](C)C2=CC=CC=C2C[C@H1])C=C1,[CH]Cc1ccccc1[C@H](C)C(=O)NCc1ccc(OCC(C)C)cc1,4.395,337.46,25,2,2,1,2,8,0.775,True,0.902
[C][C][Branch1][C][C][N][C][=Branch1][C][=O][C][=C][C][=C][C][=C][Ring1][=Branch1][N][C][C][=Branch1][C][=O][N][Branch1][C][C][C][=Branch1][C][=O][N][C][=C][C][=C][C][=C][Ring1][=Branch1],41,True,CC(C)NC(=O)C1=CC=CC=C1NCC(=O)N(C)C(=O)NC2=CC=CC=C2,CC(C)NC(=O)c1ccccc1NCC(=O)N(C)C(=O)Nc1ccccc1,2.927,368.44,27,2,2,3,4,6,0.731,True,1.0
[C][C][=C][C][=C][Branch2][Ring1][=C][C][N][C][=Branch1][C][=O][C][C][C][=Branch1][C][=O][N][Branch1][#Branch2][C][C][=C][C][=C][C][=C][Ring1][=Branch1][C][C][Ring1][Ring1][C][=C][Ring2][Ring1][Branch2],41,True,CC1=CC=C(CNC(=O)CCC(=O)N(CC2=CC=CC=C23)CC3C)C1,CC1=CC=C(CNC(=O)CCC(=O)N2Cc3ccccc3C(C)C2)C1,3.305,338.45,25,3,1,1,2,5,0.895,True,1.0
[C][O][C][=C][C][=C][Branch2][Ring1][#Branch2][N][C][=Branch1][C][=O][C][=Branch1][C][=O][N][C@@H1][Branch1][C][C][C][=C][C][=C][C][=C][Ring1][=Branch1][N][Branch1][C][C][C][=C][Ring2][Ring1][#Branch1][O],41,True,COC=CC=C(NC(=O)C(=O)N[C@@H1](C)C1=CC=CC=C1NC)C=CO,CNc1ccccc1[C@H](C)NC(=O)C(=O)NC(C=CO)=CC=COC,2.137,345.4,25,1,1,4,5,7,0.345,True,0.854
[C][C][=C][C][=C][Branch2][Ring1][=N][C][=Branch1][C][=O][N][C][C][C][C][N][Branch1][=C][C][=Branch1][C][=O][C][=C][C][=C][C][=N][Ring1][=Branch1][C][C][Ring1][=C][C][=C][Ring2][Ring1][Branch2],41,True,C1C=CC=C(C(=O)NC2CCCN(C(=O)C3=CC=CC=N3)C2)C=C1,O=C(NC1CCCN(C(=O)c2ccccn2)C1)C1=CC=CCC=C1,2.245,323.4,24,3,1,1,3,3,0.928,True,0.902
[C][#C][C][=C][C][=C][C][Branch2][Ring1][#Branch2][N][C][=Branch1][C][=O][C@@H1][C@H1][C][C][NH1+1][Branch1][N][C][C][C][=C][C][=C][C][=C][Ring1][=Branch1][C][Ring1][=N][C][Branch1][C][F][=C][Ring2][Ring1][=Branch2],43,True,C#CC1=CC=CC(NC(=O)[C@@H1][C@H1]CC[NH1+1]1CCC2=CC=CC=C2C)C(F)=C,C#CC1=CC=CC(C(=C)F)NC(=O)[CH][CH]CC[NH+]1CCc1ccccc1C,2.276,365.47,27,2,1,2,1,4,0.789,True,0.86
[C][C][=C][C][=C][Branch2][Ring1][N][C][=Branch1][C][=O][N][C][C][N][Branch1][=N][C][=Branch1][C][=O][C@@H1][Branch1][C][C][C][N][Branch1][C][C][C][C][C][Ring1][=C][C][=C][Ring2][Ring1][=Branch1],41,True,CC1=CC=C(C(=O)N2CCN(C(=O)[C@@H1](C)CNC)CCC2)C=C1,CNC[C@H](C)C(=O)N1CCCN(C(=O)c2ccc(C)cc2)CC1,1.525,317.43,23,2,1,1,3,4,0.916,True,0.902
[C][C][=C][C][=C][Branch2][Ring1][=N][S][=Branch1][C][=O][=Branch1][C][=O][N][C][C][N][Branch1][=N][C][=Branch1][C][=O][C@@H1][C][C][C][O][Ring1][Branch1][C][C][Ring1][=C][C][=C][Ring2][Ring1][Branch2],41,True,C1C=CC=C(S(=O)(=O)NCCN(C(=O)[C@@H1]2CCCO2)C)C=C1,CN(CCNS(=O)(=O)C1=CC=CCC=C1)C(=O)[C@@H]1CCCO1,0.943,326.42,22,2,0,1,4,6,0.788,True,0.854
[C][C][=C][C][=C][Branch2][Ring1][=N][C][=Branch1][C][=O][N][C][C][N][Branch1][S][C][=Branch1][C][=O][N][C][=C][C][=C][C][=C][Ring1][=Branch1][F][C][C][Ring1][S][C][=C][Ring2][Ring1][=Branch2],41,True,C1C=CC=C(C(=O)NCCN(C(=O)NC2=CC=CC=C2F)C)C=C1,CN(CCNC(=O)C1=CC=CCC=C1)C(=O)Nc1ccccc1F,2.848,329.38,24,2,1,2,2,5,0.872,True,0.829
[C][O][C][=C][C][=C][Branch2][Ring1][O][C][=Branch1][C][=O][N][C][=C][C][Branch1][C][N][=N][C][=C][Ring1][#Branch1][C][=C][C][=C][Branch1][C][C][C][=C][Ring1][#Branch1][C][=C][Ring2][Ring1][Branch2][O],42,True,COC=CC=C(C(=O)NC1=CC(N)=NC=C1C2=CC=C(C)C=C2)C=CO,COC=CC=C(C=CO)C(=O)Nc1cc(N)ncc1-c1ccc(C)cc1,3.736,351.41,26,2,2,3,5,6,0.418,True,0.905
[C][C][=C][C][=C][C][Branch2][Ring1][=N][N][C][=Branch1][C][=O][N][C][C][C][NH1+1][Branch1][=C][C][C][C][=C][C][=C][C][=C][Ring1][=Branch1][Cl][C][C][Ring1][#C][C][=C][Ring2][Ring1][=Branch2],41,True,C12C=CC=CC(NC(=O)NCCC[NH1+1]1CCC3=CC=CC=C3Cl)=C2,O=C1NCCC[NH+](CCc2ccccc2Cl)C2C=CC=CC(=C2)N1,1.849,344.87,24,3,1,3,1,3,0.77,True,0.854
[C][C][=Branch1][C][=O][C][=C][C][=C][Branch2][Ring1][#Branch1][S][=Branch1][C][=O][=Branch1][C][=O][C@@H1][Branch1][C][C][C][=C][C][=C][C][=C][Ring1][=Branch1][N][Branch1][C][C][C][=N][Ring2][Ring1][Branch1],40,True,CC(=O)C=CC=C(S(=O)(=O)[C@@H1](C)C1=CC=CC=C1NC)C=N,CNc1ccccc1[C@H](C)S(=O)(=O)C(C=N)=CC=CC(C)=O,2.883,320.41,22,1,1,2,5,7,0.459,True,0.85
[C][C][=C][C][=C][C][Branch2][Ring1][=N][N][C][=Branch1][C][=O][C][=Branch1][C][=O][C][=C][C][=C][Branch1][#Branch2][C][NH1+1][C][C][C][C][C][Ring1][=Branch1][C][=C][Ring1][=N][C][=C][Ring2][Ring1][=Branch2],42,True,CC1=CC=CC(NC(=O)C(=O)C2=CC=C(C[NH1+1]3CCCCC3)C=C2)C=C1,CC1=CC=CC(NC(=O)C(=O)c2ccc(C[NH+]3CCCCC3)cc2)C=C1,1.995,351.47,26,3,1,2,2,5,0.63,True,1.0
[O][=C][Branch2][Ring1][Branch1][N][C][=C][C][=C][Branch1][#Branch2][O][C][=C][C][=N][C][=C][Ring1][=Branch1][C][=C][Ring1][N][N][C][C][N][Branch1][#Branch1][C][C][C][C][Ring1][Ring1][F][C][Ring1][=Branch2],41,True,O=C(NC=C1C=C(OC2=CC=NC=C2)C=C1)NCCN(CC3CC3)F,O=C(NC=C1C=CC(Oc2ccncc2)=C1)NCCN(F)CC1CC1,2.694,344.39,25,3,1,2,4,8,0.712,True,0.927
[C][O][C][=C][C][=C][Branch2][Ring1][=N][C][=Branch1][C][=O][N][C][C][C][=Branch1][C][=O][N][C][=C][C][=C][C][=C][Ring1][=Branch1][N][C][C][C][C][Ring1][Branch1][C][=C][Ring2][Ring1][=Branch2],41,True,COC1=CC=C(C(=O)NCCC(=O)NC2=CC=CC=C2N3CCCC3C)C1,COC1=CC=C(C(=O)NCCC(=O)Nc2ccccc2N2CCCC2C)C1,2.981,369.47,27,3,1,2,4,7,0.775,True,1.0
[C][C][=C][C][=C][Branch2][Ring1][#C][C][=Branch1][C][=O][N][C][C][N][Branch2][Ring1][Ring1][C][C][=Branch1][C][=O][N][C][=C][C][=C][C][=C][Ring1][=Branch1][C][C][C][Ring1][P][C][=C][Ring2][Ring1][#Branch2],43,True,C1C=CC=C(C(=O)N2CCNCC(=O)NC3=CC=CC=C3CCC2)C=C1,O=C1CNCCN(C(=O)C2=CC=CCC=C2)CCCc2ccccc2N1,2.432,351.45,26,3,1,2,3,1,0.817,True,0.86
[C][C][=C][C][=C][Branch2][Ring1][=C][C][N][C][=Branch1][C][=O][C][N][C][=Branch1][C][=O][C][C][=C][C][=Branch1][C][=O][N][Branch1][C][C][C][C][C][Ring1][Branch2][C][=C][Ring2][Ring1][=Branch1],41,True,CC=CC1=C(CNC(=O)CNC(=O)CC=C2C(=O)N(C)CCC2C)C1,CC=CC1=C(CNC(=O)CNC(=O)CC=C2C(=O)N(C)CCC2C)C1,1.31,345.44,25,2,0,2,3,7,0.683,True,1.0
[C][C][=C][C][=C][C][Branch2][Ring1][=Branch2][N][C][=Branch1][C][=O][C][=Branch1][C][=O][N][C@@H1][C][C][C][Ring1][Branch1][C][=C][C][=N][C][=C][Ring1][=Branch1][=C][Ring2][Ring1][Branch2],37,True,C1C=CC=CC(NC(=O)C(=O)N2[C@@H1]CCC2C3=CC=NC=C3)=C1,O=C(NC1=CCC=CC=C1)C(=O)N1[CH]CCC1c1ccncc1,2.423,308.36,23,3,1,1,3,2,0.854,True,0.892
[C][C][=C][C][=C][Branch2][Ring1][=N][C][=Branch1][C][=O][N][C][C][#C][Branch1][=C][C][=Branch1][C][=O][N][C][C][O][C][C][Ring1][=Branch1][C][C][C][Ring1][Ring1][C][=C][Ring2][Ring1][Branch2],40,True,CC1=CC=C(C(=O)NCC#CCC(=O)N2CCOCC2C3CC3C)C1,CC1=CC=C(C(=O)NCC#CCC(=O)N2CCOCC2C2CC2C)C1,1.656,342.44,25,3,0,1,3,4,0.791,True,0.975
[C][C][=C][C][=C][C][Branch2][Ring1][=N][N][C][=Branch1][C][=O][C@H1][Branch1][C][C][C][=Branch1][C][=O][N][C][C][=C][C][=C][C][=C][Ring1][=Branch1][C][Ring1][=Branch2][=O][=C][Ring2][Ring1][#Branch1][N],41,True,C1C=CC=CC1(NC(=O)[C@H1](C)C(=O)N2CC3=CC=CC=C3C2=O)N,C[C@@H](C(=O)NC1(N)C=CC=CC1)C(=O)N1Cc2ccccc2C1=O,1.092,325.37,24,3,1,2,4,3,0.643,True,0.927
[C][C][=Branch1][C][=O][N][C][=C][C][=C][Branch2][Ring1][#Branch2][N][C][=Branch1][C][=O][N][C][C][N][Branch1][CH2-1][C][C][=C][C][=C][C][=C][Ring1][=Branch1][C][C][Ring1][=N][C][=C][Ring2][Ring1][#Branch1],42,True,CC(=O)N1C=CC=C(NC(=O)N2CCN(C)C3=CC=CC=C3CC2C)C1,CC(=O)N1C=CC=C(NC(=O)N2CCN(C)c3ccccc3CC2C)C1,2.339,354.45,26,3,1,1,3,1,0.842,True,1.0
[C][C][=C][C][=C][C][=C][Ring1][=Branch1][C@H1][Branch2][Ring1][#Branch2][N][C][=Branch1][C][=O][N][C][C][N][Branch1][=Branch2][C][=C][C][=C][C][=C][Ring1][=Branch1][Cl][C][C][Ring1][O][O][C][=Ring2][Ring1][#Branch1],42,True,C=1C2=CC=CC=C2[C@H1](NC(=O)NCCN(C3=CC=CC=C3)Cl)C=1,O=C(NCCN(Cl)c1ccccc1)N[C@@H]1C=Cc2ccccc21,3.714,327.81,23,3,2,2,2,5,0.822,True,0.786
[C][O][C][=C][C][=C][Branch2][Ring1][#Branch1][N][C][=Branch1][C][=O][C][=Branch1][C][=O][C][Branch1][O][C][=C][C][=C][C][=C][Ring1][=Branch1][Ring1][O][C][=Ring2][Ring1][Ring1][C][=C][Ring2][Ring1][Branch2][Cl],41,True,C=12OC=CC=C(NC(=O)C(=O)CC3=CC=CC=C3)C=1C=C2Cl,O=C(Cc1ccccc1)C(=O)Nc1cccoc2c(Cl)cc1=2,3.408,313.74,22,3,1,1,3,4,0.751,True,0.829
[C][C][=C][C][=C][Branch2][Ring1][S][C][=N][C][Branch2][Ring1][Ring2][N][C][=Branch1][C][=O][C][S][C][=N][C][=C][C][=C][C][=C][Ring1][=Branch1][N-1][Ring1][=Branch2][=N][Ring2][Ring1][Ring1][C][=C][Ring2][Ring1][=Branch2],43,True,C1C=CC=C(C=NC(NC(=O)CSC2=NC3=CC=CC=C3[N-1]2)=N)C1,N=C(N=CC1=CC=CCC1)NC(=O)CSc1nc2ccccc2[n-]1,2.682,338.42,24,3,2,2,4,4,0.509,True,0.791
[C][=C][C][=C][C][=C][Branch2][Ring1][O][C][C][C][=Branch1][C][=O][N][C][=Branch1][C][=O][N][C][C][C][=C][C][=C][C][=C][Ring1][=Branch1][C][C][C][Ring1][Ring1][C][=C][Ring2][Ring1][=Branch2],41,True,C=CC1=CC=C(CCC(=O)NC(=O)NCCC2=CC=CC=C2C3CC3)C=C1,C=Cc1ccc(CCC(=O)NC(=O)NCCc2ccccc2C2CC2)cc1,4.208,362.47,27,3,2,2,2,8,0.739,True,1.0
[C][O][C][=C][C][=C][Branch2][Ring1][#C][N][C][C][N][Branch2][Ring1][C][C][=Branch1][C][=O][C][S][C][C][=C][C][=C][C][=C][Ring1][=Branch1][Ring1][=Branch2][C][C][C][Ring1][P][C][=C][Ring2][Ring1][#Branch2],43,True,C1OC=CC=C(NC2CN(C(=O)C3SCC4=CC=CC=C43)CCC2C)C1,CC1CCN(C(=O)C2SCc3ccccc32)CC1NC1=CC=COCC1,3.619,370.52,26,4,1,1,4,3,0.882,True,0.907
[C][C][Branch1][C][C][C][C][C][N][Branch2][Ring1][=Branch2][C][=Branch1][C][=O][C][S][C][C][=Branch1][C][=O][N][C][C][C][=C][C][=C][C][=C][Ring1][=Branch1][Ring1][O][C][C][Ring2][Ring1][=Branch1],41,True,CC(C)C1CCN(C(=O)CSCC(=O)NCCC2=CC=CC=C2)CC1,CC(C)C1CCN(C(=O)CSCC(=O)NCCc2ccccc2)CC1,2.973,362.54,25,2,1,1,3,8,0.773,True,0.951
[C][O][C][=C][C][=C][C][Branch2][Ring1][=N][C][=Branch1][C][=O][C][N][C][=Branch1][C][=O][N][C@@H1][Branch1][=Branch2][C][=C][C][=C][C][=C][Ring1][=Branch1][F][C][C][C][Ring1][Ring2][#N][=C][Ring2][Ring1][#Branch1][C],44,True,COC=CC=CC(C(=O)CNC(=O)N[C@@H1](C1=CC=CC=C1)F)=NCC,CCN=C(C=CC=COC)C(=O)CNC(=O)N[C@H](F)c1ccccc1,2.7,347.39,25,1,1,2,4,9,0.312,True,0.795
[C][C][=C][C][=C][Branch2][Ring1][O][C][=Branch1][C][=O][N][C][C][N][Branch1][S][C][C][=Branch1][C][=O][N][Branch1][C][C][Branch1][C][C][C][C][C][Ring1][=C][C][=C][Ring2][Ring1][Branch1][Cl],41,True,C1C=C2C=C(C(=O)NCCN1CC(=O)N(C)CCCCC)C=C2Cl,CCCCCN(C)C(=O)CN1CC=C2C=C(C=C2Cl)C(=O)NCC1,2.056,351.88,24,2,0,1,3,6,0.745,True,0.878
[C][C][C][=C][C][=C][Branch2][Ring1][=N][N][C][=Branch1][C][=O][N][C][C][N][Branch1][=N][C][=Branch1][C][=O][C][=C][C][=C][C][=C][Ring1][=Branch1][C][C][Ring1][=C][C][=C][Ring2][Ring1][Branch2],41,True,CC1C=CC=C(NC(=O)N2CCN(C(=O)C3=CC=CC=C3)CC2C)C1,CC1C=CC=C(NC(=O)N2CCN(C(=O)c3ccccc3)CC2C)C1,3.022,339.44,25,3,1,1,2,2,0.9,True,1.0
[C][C][Branch1][C][C][C][C@H1][C][S][C][C][N][Ring1][=Branch1][C][=Branch1][C][=O][C][=C][N][Branch1][=C][C][=Branch1][C][=O][N][C][=C][C][=C][C][=N][Ring1][=Branch1][C][Ring2][Ring1][#C],40,True,C1C(C)C[C@H1]2CSCCN2C(=O)C=CN(C(=O)NC3=CC=CC=N3)C1,CC1CCN(C(=O)Nc2ccccn2)C=CC(=O)N2CCSC[C@@H]2C1,2.803,360.48,25,3,1,1,4,1,0.836,True,0.95
[C][C][O][C][=C][C][=C][Branch2][Ring1][#Branch1][C][=Branch1][C][=O][N][C][=Branch1][C][=O][C][=C][C][=C][Branch1][C][F][C][=C][Ring1][#Branch1][Cl][C][=C][Ring2][Ring1][Ring1][C][=C][Ring2][Ring1][=Branch1],41,True,CC1OC=CC=C(C(=O)NC(=O)C2=CC=C(F)C=C2Cl)CC=C1,CC1C=CCC(C(=O)NC(=O)c2ccc(F)cc2Cl)=CC=CO1,3.541,335.76,23,2,1,1,3,2,0.664,True,0.902
[C][C][=C][C][=C][Branch2][Ring1][=N][C][=Branch1][C][=O][N][C][C][N][Branch1][P][C][=Branch1][C][=O][C][O][C][=C][C][=C][C][=C][Ring1][=Branch1][C][C][Ring1][=C][C][=C][Ring2][Ring1][Branch2],41,True,C1C2=CC=C(C(=O)NCCN1C(=O)COC3=CC=CC=C3CC)C=C2,CCc1ccccc1OCC(=O)N1CCNC(=O)c2ccc(cc2)C1,2.4,338.41,25,4,2,1,3,4,0.931,True,0.902
[C][C][=C][C][=C][Branch2][Ring1][=N][C][=Branch1][C][=O][N][C][C][C][Branch1][=C][C@@H1][Branch1][C][O][C][=C][C][=C][C][=C][Ring1][=Branch1][F][C][C][Ring1][=C][C][=C][Ring2][Ring1][#Branch1],40,True,CC1=CC=C(C(=O)NC2CC([C@@H1](O)C3=CC=CC=C3F)CC2C)C1,CC1=CC=C(C(=O)NC2CC([C@@H](O)c3ccccc3F)CC2C)C1,3.666,329.42,24,3,1,2,2,4,0.885,True,1.0
[C][C][=C][C][=C][Branch2][Ring1][=N][N][C][=Branch1][C][=O][C][N][C@@H1][C][C][C][=C][Branch1][=N][C][=C][C][=C][Branch1][C][F][C][=C][Ring1][#Branch1][F][C][Ring1][=N][=O][=C][Ring2][Ring1][#Branch1],42,True,CC=CC1=C(NC(=O)CN[C@@H1]C2CC=C(C3=CC=C(F)C=C3F)C2)OC1,CC=CC1=C(NC(=O)CN[CH]C2CC=C(c3ccc(F)cc3F)C2)OC1,3.444,359.4,26,3,1,2,3,7,0.784,True,1.0
[C][O][C][=C][C][=C][Branch2][Ring1][=C][C][=Branch1][C][=O][N][C][C][C][NH1+1][Branch1][S][C][C][=Branch1][C][=O][N][C][C][C][C][C][C][Ring1][=Branch1][C][C][Ring1][#C][C][=C][Ring2][Ring1][=Branch2],43,True,COC1=CC=C(C(=O)NCC2C[NH1+1](CC(=O)NC3CCCCC3C)C2)C=C1,COc1ccc(C(=O)NCC2C[NH+](CC(=O)NC3CCCCC3C)C2)cc1,0.635,374.51,27,3,1,3,3,7,0.656,True,1.0
[C][C][=C][C][=C][Branch2][Ring1][=N][C][=Branch1][C][=O][N][C][C][C][C][N][Branch1][=N][C][C][=Branch1][C][=O][N][Branch1][Ring1][C][C][C][C][C][C][Ring1][=N][C][=C][Ring2][Ring1][#Branch1],41,True,CC=C1C=C(C(=O)NCCC2CN(CC(=O)N(CC)CC)CC2)C=C1,CC=C1C=CC(C(=O)NCCC2CCN(CC(=O)N(CC)CC)C2)=C1,2.125,345.49,25,2,0,1,3,8,0.733,True,1.0
[C][C][=C][C][=C][Branch2][Ring1][=N][C][=Branch1][C][=O][N][C][C][C][N][Branch1][=C][C][=Branch1][C][=O][C][C][=C][C][=C][C][=C][Ring1][=Branch1][C][C][Ring1][#C][C][=C][Ring2][Ring1][Branch2],41,True,CC1=CC=C(C(=O)NC2CCN(C(=O)CC3=CC=CC=C3)CC2)C=C1,Cc1ccc(C(=O)NC2CCN(C(=O)Cc3ccccc3)CC2)cc1,2.959,336.44,25,3,2,1,2,4,0.933,True,1.0
[C][C][C][C][=C][C][=C][Branch2][Ring1][#Branch2][N][C][=Branch1][C][=O][N][Branch1][#Branch1][C][Branch1][C][C][C][C][C][=Branch1][C][=O][N][C][C][C][C][C][Ring1][=Branch1][C][=C][Ring2][Ring1][Branch2],41,True,CC1CC=CC=C(NC(=O)N(C(C)CC)C(=O)N2CCCCC2)C=C1,CCC(C)N(C(=O)NC1=CC=CCC(C)C=C1)C(=O)N1CCCCC1,4.439,345.49,25,2,0,1,2,3,0.822,True,0.976
[C][C][=C][C][=C][C][Branch2][Ring1][N][N][Branch1][C][C][C][=Branch1][C][=O][C][Branch1][C][C][N][Ring1][C][C][=Branch1][C][=O][N][C][C][C][C][O][Ring1][Branch1][=O][=C][Ring2][Ring1][Branch2],41,True,CC=CC=CC(N(C)C(=O)C(C1)N1C(=O)NC2CCCO2)=O,CC=CC=CC(=O)N(C)C(=O)C1CN1C(=O)NC1CCCO1,0.634,307.35,22,2,0,1,4,4,0.469,True,0.829
[C][#C][C][=C][C][=C][C][Branch2][Ring1][O][N][C][=Branch1][C][=S][N][C][=Branch1][C][=O][C][=C][C][=C][C][Branch1][C][F][=C][Ring1][#Branch1][C][C][=C][C][Ring1][Branch1][C][=C][Ring2][Ring1][Branch2],42,True,C#CC1=CC=CC(NC(=S)NC(=O)C2=CC=CC(F)=C2CC=CC)C=C1,C#CC1=CC=CC(NC(=S)NC(=O)c2cccc(F)c2CC=CC)C=C1,3.603,366.46,26,2,1,2,2,4,0.486,True,0.952
[C][C][=C][C][=C][Branch2][Ring1][=N][C][=Branch1][C][=O][N][N][C][=Branch1][C][=O][C][C][N][Branch1][#Branch2][C][=C][C][=C][C][=C][Ring1][=Branch1][C][C][C][Ring1][N][C][=C][Ring2][Ring1][#Branch1][C],42,True,CC=C1C=C(C(=O)NNC(=O)C2CN(C3=CC=CC=C3C)CC2)C=C1C,CC=C1C=C(C(=O)NNC(=O)C2CCN(c3ccccc3C)C2)C=C1C,2.801,351.45,26,3,1,2,3,3,0.823,True,1.0
[C][C][=C][C][=C][C][Branch2][Ring1][=N][N][C][=Branch1][C][=O][C][C][C][=Branch1][C][=O][N][Branch1][#Branch1][C][C][Branch1][C][C][C][C][C][O][O][C][O][Ring1][#Branch2][=C][Ring2][Ring1][Branch2],41,True,CC1=CC=CC(NC(=O)CCC(=O)N(C2C(C)C)CCOOCO2)=C1,Cc1cccc(NC(=O)CCC(=O)N2CCOOCOC2C(C)C)c1,2.46,350.42,25,2,1,1,5,5,0.826,True,0.951
[C][C][=C][C][=C][Branch2][Ring1][=Branch2][C][=Branch1][C][=O][N][C][C][C][N][Branch1][#Branch2][C][=Branch1][C][=O][C][Branch1][C][C][C][C][C][Ring1][=N][C][=C][Ring2][Ring1][Ring2],37,True,CC1=CC=C(C(=O)NCCCN(C(=O)C(C)C)CC)C=C1,CCN(CCCNC(=O)c1ccc(C)cc1)C(=O)C(C)C,2.619,290.41,21,1,1,1,2,7,0.785,True,0.919
[C][C][=C][C][=C][Branch2][Ring1][=C][C][=Branch1][C][=O][N][C][=Branch1][C][=O][C][N][C][C][NH1+1][Branch1][#Branch2][C][=C][C][=C][C][=C][Ring1][=Branch1][C][C][Ring1][=N][C][=C][Ring2][Ring1][Branch2][C],42,True,CC1=CC=C(C(=O)NC(=O)C2NCC[NH1+1](C3=CC=CC=C3C)C2C)C1C,CC1=CC=C(C(=O)NC(=O)C2NCC[NH+](c3ccccc3C)C2C)C1C,1.037,354.47,26,3,1,3,3,3,0.711,True,1.0
[C][C][=C][C][=C][Branch2][Ring1][=N][C][N][C][=Branch1][C][=O][NH1+1][NH1+1][Branch1][C][=Branch1][N][Branch1][O][O][C][=C][C][=C][C][=C][Ring1][=Branch1][F][C][C][Ring1][#C][C][=C][Ring2][Ring1][Branch2],41,True,C1C=CC=C(CNC(=O)[NH1+1][NH1+1]N(OC2=CC=CC=C2F)CC)C=C1,CCN([NH+][NH+]C(=O)NCC1=CC=CCC=C1)Oc1ccccc1F,0.122,332.38,24,2,1,3,4,7,0.621,True,0.805
[C][O][C][=C][C][=C][Branch2][Ring1][N][C][C@@H1][Branch1][C][C][C][=Branch1][C][=O][N][C][C][C][C][Branch1][=Branch2][C][C][C][Branch1][C][N][=O][C][C][Ring1][#Branch2][C][=C][Ring2][Ring1][#Branch1],41,True,COC=CC=C(C[C@@H1](C)C(=O)NC1CCC(CCC(N)=O)C1)C=C,C=CC(=CC=COC)C[C@@H](C)C(=O)NC1CCC(CCC(N)=O)C1,2.836,334.46,24,1,0,2,3,10,0.476,True,0.878
[C][O][C][=C][C][=C][Branch2][Ring1][=N][S][=Branch1][C][=O][=Branch1][C][=O][N][C][C][C][N][Branch1][#Branch2][C][=C][C][=C][N][=C][Ring1][=Branch1][F][C][C][Ring1][N][C][=C][Ring2][Ring1][Branch2],41,True,COC=CC=C(S(=O)(=O)NCC1CN(C2=CC=CN=C2F)CC1C)C,COC=CC=C(C)S(=O)(=O)NCC1CN(c2cccnc2F)CC1C,2.276,369.46,25,2,1,1,5,7,0.454,True,0.902
[C][C][=C][C][=C][Branch2][Ring1][#C][C][C][=Branch1][C][=O][N][C][C][C][C@@H1][Branch1][S][N][C][=Branch1][C][=O][N][C][Branch1][C][C][Branch1][C][C][C][C][C][Ring1][#C][C][=C][Ring2][Ring1][Branch2],43,True,CC1=CC=C(CC(=O)N2CCC[C@@H1](NC(=O)NC(C)(C)CC)C2)C=C1,CCC(C)(C)NC(=O)N[C@@H]1CCCN(C(=O)Cc2ccc(C)cc2)C1,3.016,345.49,25,2,1,2,2,5,0.862,True,0.953
[C][C][=C][C][=C][Branch2][Ring1][N][C][C@@H1][Branch1][C][C][C][=Branch1][C][=O][N][C][C][Branch1][C][O][C][Branch1][C][C][Branch1][C][C][C][C][C][Ring1][#Branch2][C][=C][Ring2][Ring1][#Branch1],40,True,C1C=CC=C(C[C@@H1](C)C(=O)N2CC(O)C(C)(C)CCC2)C=C1,C[C@H](CC1=CC=CCC=C1)C(=O)N1CCCC(C)(C)C(O)C1,3.465,303.45,22,2,0,1,2,3,0.867,True,0.9
[C][C][=C][C][=C][Branch2][Ring1][S][N][C][C][=Branch1][C][=O][N][C][C][C][Branch1][#Branch2][C][=C][C][=C][C][=C][Ring1][=Branch1][C][C][C][Ring1][C][=O][C@H1][Ring1][=C][C][=C][Ring2][Ring1][#Branch2],42,True,C1C=CC=C1NCC(=O)NCCC(C2=CC=CC=C2C)C=C=O,Cc1ccccc1C(C=C=O)CCNC(=O)CNC1=CC=CC1,2.406,310.4,23,2,1,2,3,8,0.725,True,0.738
[C][C][=C][C][=C][Branch2][Ring1][N][C][N][C][=Branch1][C][=O][C@H1][C@@H1][C][=Branch1][C][=S][N][Ring1][#Branch1][C][=C][C][=C][Branch1][C][Cl][C][=C][Ring1][#Branch1][C][=C][Ring2][Ring1][#Branch1],39,True,C1C=CC=C(CNC(=O)[C@H1][C@@H1]C(=S)NC2=CC=C(Cl)C=C2C)C1,Cc1cc(Cl)ccc1NC(=S)[CH][CH]C(=O)NCC1=CC=CCC1,4.189,346.88,23,2,1,2,2,6,0.759,True,0.846
[C][C][=C][C][=C][Branch2][Ring1][P][C][C][=Branch1][C][=O][N][C][C][C][C][=N][N][Branch1][=Branch2][C][=C][C][=C][C][=C][Ring1][=Branch1][C][=Ring1][N][C][C][C][Ring1][Ring2][C][=C][Ring2][Ring1][=Branch2],43,True,C1C=CC=C1CC(=O)NCC=2CC=NN(C3=CC=CC=C3)C=2CCCC=C,C=CCCCC1=C(CNC(=O)CC2=CC=CC2)CC=NN1c1ccccc1,4.886,361.49,27,3,1,1,3,9,0.503,True,0.86
[C][C][=C][C][=C][Branch2][Ring1][=N][C][=Branch1][C][=O][N][Branch1][C][C][C][=Branch1][C][=O][N][C][C][C][=C][C][=C][C][=C][Ring1][=Branch1][C][C][Ring1][#Branch2][C][=C][Ring2][Ring1][=Branch1],40,True,CC=C1C=C(C(=O)N(C)C(=O)NC2CC3=CC=CC=C3CC2C)C1,CC=C1C=C(C(=O)N(C)C(=O)NC2Cc3ccccc3CC2C)C1,3.234,324.42,24,3,1,1,2,2,0.908,True,1.0
[C][C][=C][C][=C][Branch2][Ring1][=Branch2][C][=Branch1][C][=O][N][C][C][C][NH1+1][Branch1][#Branch2][C][C][=C][C][=C][N][=C][Ring1][=Branch1][C][C][Ring1][=N][C][Branch1][Ring1][O][C][=C][Ring2][Ring1][Branch2],41,True,CC1=CC=C(C(=O)NC2CC[NH1+1](CC3=CC=CN=C3)CC2)C(OC)=C1,COc1cc(C)ccc1C(=O)NC1CC[NH+](Cc2cccnc2)CC1,1.376,340.45,25,3,2,2,3,5,0.865,True,0.902
[C][C][=C][C][=C][Branch2][Ring1][S][C][=Branch1][C][=O][N][C][C][=Branch1][C][=O][C][Branch1][=Branch1][C][Branch1][C][C][C][C][C][Branch1][C][C][N][Branch1][C][C][C][=Ring1][#Branch1][C][=C][Ring2][Ring1][Branch2],43,True,C1C=CC=C(C(=O)NCC(=O)C(C(C)C=2)CC(C)N(C)C=2C)C1,CC1=CC(C)C(C(=O)CNC(=O)C2=CC=CCC2)CC(C)N1C,2.828,316.45,23,2,0,1,3,4,0.867,True,0.907
[C][C][=C][C][=C][Branch2][Ring1][P][C][=Branch1][C][=O][N][C][C][N][Branch1][S][C][=Branch1][C][=O][C][C][C][=C][C][=C][C][=C][Ring1][=Branch1][Ring1][Branch1][Ring1][C][O][C][=C][Ring2][Ring1][=Branch2],42,True,C1C=CC=C1C(=O)NCC=NC(=O)CCC2=C3C=CC=C23,O=C(CCc1c2cccc1-2)N=CCNC(=O)C1=CC=CC1,2.2,280.33,21,3,0,1,2,6,0.825,True,0.738
[C][C][=C][C][=C][C][Branch2][Ring1][=N][C@H1][Branch1][C][C][C@H1][Branch1][C][C][N][C][=Branch1][C][=O][C][=N][C][=N][C][=C][C][=C][C][=C][Ring1][=Branch1][O][Ring1][=Branch2][=C][Ring2][Ring1][=Branch2],41,True,C1C=CC=CC([C@H1](C)[C@H1](C)NC(=O)C=NC2=NC3=CC=CC=C3O2)=C1,C[C@H](NC(=O)C=Nc1nc2ccccc2o1)[C@@H](C)C1=CCC=CC=C1,4.113,335.41,25,3,2,1,4,5,0.836,True,0.927
[C][C][=C][C][=C][C][Branch2][Ring1][=N][N][C][=Branch1][C][=O][N][C][C][N][Branch1][=N][C][=Branch1][C][=O][C][=C][C][=C][C][=N][Ring1][=Branch1][C][C][Ring1][=C][=O][=C][Ring2][Ring1][Branch2],41,True,CC1=CC=CC(NC(=O)N2CCN(C(=O)C3=CC=CC=N3)CC2=O)=C1,Cc1cccc(NC(=O)N2CCN(C(=O)c3ccccn3)CC2=O)c1,1.907,338.37,25,3,2,1,4,2,0.907,True,1.0
[C][C][=C][C][=C][Branch2][Ring1][=N][C][N][C][=Branch1][C][=O][N][C][C][C][N][Branch1][N][C][=Branch1][C][=O][C][C][Branch1][C][C][C][C][C][Ring1][N][C][=C][Ring2][Ring1][#Branch1],40,True,CC1=CC=C(CNC(=O)NC2CCN(C(=O)CC(C)CC)C2C)C1,CCC(C)CC(=O)N1CCC(NC(=O)NCC2=CC=C(C)C2)C1C,2.988,333.48,24,2,0,2,2,6,0.785,True,0.975
[C][C][=C][N][=C][Branch2][Ring1][N][C][=Branch1][C][=O][N][C@H1][Ring1][C][C][C][=C][C][=C][C][=C][Ring1][=Branch1][O][C][C][=C][C][=C][C][=C][Ring1][=Branch1][C][=C][Ring2][Ring1][#Branch1],40,True,CC=CN=C(C(=O)N=[C@H1]CC1=CC=CC=C1OCC2=CC=CC=C2)C=C,C=CC(=NC=CC)C(=O)N=CCc1ccccc1OCc1ccccc1,4.566,346.43,26,2,2,0,3,8,0.658,True,0.85
[C][C][=C][C][=C][Branch2][Ring2][C][C][=C][C][Branch2][Ring1][Branch2][N][C][=Branch1][C][=O][C@@H1][C][C][=Branch1][C][=O][N][C][=C][C][=C][C][=C][Ring1][=Branch1][Ring1][#Branch2][=C][Ring2][Ring1][=Branch1][N][=C][Ring2][Ring1][#Branch2],45,True,C12C=CC=C(C=CC1(NC(=O)[C@@H1]C3C(=O)NC4=CC=CC=C43)N)C2,NC1(NC(=O)[CH]C2C(=O)Nc3ccccc32)C=CC2=CC=CC1C2,1.77,320.37,24,4,1,3,3,3,0.742,True,0.889
[C][C][Branch1][C][C][C][C][C][N][C][C][N][Branch2][Ring1][Branch2][C][=Branch1][C][=O][N][C][C][C][N][Branch1][=Branch2][C][=C][C][=C][C][=C][Ring1][=Branch1][C][C][Ring1][=N][C][C][Ring2][Ring1][Branch1],43,True,CC(C)CCCN1CCN(C(=O)N2CCCN(C3=CC=CC=C3)CC2)CC1,CC(C)CCCN1CCN(C(=O)N2CCCN(c3ccccc3)CC2)CC1,3.373,372.56,27,3,1,0,3,5,0.794,True,1.0
[C][C][=Branch1][C][=O][C][=C][C][=C][Branch2][Ring1][=Branch1][N][C][=Branch1][C][=O][N][C][C][NH1+1][Branch1][C][C][C][C][Branch1][C][C][C][Ring1][#Branch2][C][=C][Ring2][Ring1][C],37,True,CC(=O)C1=CC=C(NC(=O)NCC[NH1+1](C)CC(C)CC)C1,CCC(C)C[NH+](C)CCNC(=O)NC1=CC=C(C(C)=O)C1,0.649,294.42,21,1,0,3,2,8,0.615,True,0.892
[C][C][=C][C][=C][C][Branch2][Ring1][#Branch1][N][C][=Branch1][C][=O][C@@H1][Branch1][C][C][N][C][=Branch1][C][=O][C][=C][C][=C][C][=C][Ring1][=Branch1][=C][C][Branch1][Ring1][O][C][=C][Ring2][Ring1][Branch2],41,True,CC1=CC=CC(NC(=O)[C@@H1](C)NC(=O)C2=CC=CC=C2)=CC(OC)=C1,COC1=CC(C)=CC=CC(NC(=O)[C@@H](C)NC(=O)c2ccccc2)=C1,2.851,338.41,25,2,1,2,3,5,0.867,True,1.0
[C][C][C][C][=C][C][Branch2][Ring1][#Branch1][O][C@H1][Branch1][C][C][C][=Branch1][C][=O][N][C][C][C][=C][C][=C][C][=C][Ring1][=Branch1][N][C@H1][Branch1][C][C][=C][Ring2][Ring1][Branch1],38,True,CCCC1=CC(O[C@H1](C)C(=O)NCCC2=CC=CC=C2N[C@H1])(C)C1,[CH]Nc1ccccc1CCNC(=O)[C@@H](C)OC1(C)C=C(CCC)C1,3.72,328.46,24,2,1,2,3,9,0.536,True,0.947
[C][C][Br][Branch1][C][O][C@H1][Branch2][Ring1][Ring1][C][N][C][=Branch1][C][=O][C][=C][C][=C][C][=C][Ring1][=Branch1][C][=Branch1][C][=O][O-1][C][=C][C][=C][C][=C][Ring1][=Branch1][Ring2][Ring1][=Branch1],40,True,CCBr,CCBr,1.401,108.97,3,0,0,0,0,0,0.412,True,0.075
[C][O][C][=C][C][=C][Branch2][Ring1][N][C][=Branch1][C][=O][C][N][C][C][N][Branch1][P][C][C][C][=Branch1][C][=O][N][C][C][Branch1][C][C][C][C][C][Ring1][P][C][=C][Ring2][Ring1][#Branch1],42,True,COC=C1C=C(C(=O)CNCCNCCC(=O)NCC(C)CCC)C=C1,CCCC(C)CNC(=O)CCNCCNCC(=O)C1=CC(=COC)C=C1,1.704,363.5,26,1,0,3,5,14,0.323,True,0.857
[C][C][C][=C][C][=C][Branch2][Ring1][S][C][=Branch1][C][=O][N][C][C][C][=Branch1][C][=O][N][C][=C][C][=C][C][=C][Ring1][=Branch1][N][C][C][C][C][C][C][Ring1][#Branch1][C][=C][Ring2][Ring1][=Branch2],43,True,C1CC=CC=C1C(=O)NCCC(=O)NC2=CC=CC=C2N3CCCCCC3C=C,C=CC1CCCCCN1c1ccccc1NC(=O)CCNC(=O)C1=CC=CCC1,4.343,393.53,29,3,1,2,3,7,0.677,True,0.907
[C][O][C][=C][C][=C][Branch2][Ring1][#Branch2][C][N][C][=Branch1][C][=O][C@H1][Branch1][C][C][C][=Branch1][C][=O][N][C][C][N][C][C][C][C][C][Ring1][=Branch1][C][=C][Ring2][Ring1][#Branch1],39,True,COC1=CC=C(CNC(=O)[C@H1](C)C(=O)NCCN2CCCCC2)C=C1,COc1ccc(CNC(=O)[C@H](C)C(=O)NCCN2CCCCC2)cc1,1.55,347.46,25,2,1,2,4,8,0.7,True,1.0
[C][C][=C][C][=C][C][Branch2][Ring1][=N][S][=Branch1][C][=O][=Branch1][C][=O][N][C][C][C][N][Branch1][=N][C][=Branch1][C][=O][C@@H1][C][C][C][O][Ring1][Branch1][C][C][Ring1][=N][C][=C][Ring2][Ring1][Branch2],43,True,C1C=CC=CC(S(=O)(=O)N2CCCN(C(=O)[C@@H1]3CCCO3)C2)C=C1,O=C([C@@H]1CCCO1)N1CCCN(S(=O)(=O)C2C=CC=CCC=C2)C1,1.428,352.46,24,3,0,0,4,3,0.721,True,0.907
[C][C][=C][C][=C][Branch2][Ring1][=N][C][=Branch1][C][=O][N][C][C][C][N][Branch1][#C][C][=Branch1][C][=O][C][=C][C][=C][C][=C][Ring1][=Branch1][Cl][C][C][Ring1][#C][C][=C][Ring2][Ring1][#Branch1],41,True,CC1=CC=C(C(=O)N2CCCN(C(=O)C3=CC=CC=C3Cl)C2)C=C1,Cc1ccc(C(=O)N2CCCN(C(=O)c3ccccc3Cl)C2)cc1,3.594,342.83,24,3,2,0,2,2,0.836,True,0.976
[C][C][=C][C][=C][Branch2][Ring1][=N][N][C][=Branch1][C][=O][N][C][C][C][NH1+1][Branch1][#C][C][C][=N][C][=C][C][=C][Ring1][=Branch1][C][#N][C][C][C][Ring1][#C][C][=C][Ring2][Ring1][Branch2],41,True,C12C=CC=C(NC(=O)NCCC[NH1+1]1CC3=NC=CC=C3C#N)C=C2,N#Cc1cccnc1C[NH+]1CCCNC(=O)NC2=CC=CC1C=C2,0.42,322.39,24,3,1,3,3,2,0.738,True,0.78
[C][O][C][=C][C][=C][Branch2][Ring1][=N][C][C][=Branch1][C][=O][N][C][C][N][Branch1][=C][C][C][C][=C][C][=C][C][=C][Ring1][=Branch1][O][C][#N][C][C][Ring1][=C][C][=C][Ring2][Ring1][Branch2],42,True,COC=CC1=C(CC(=O)NCCN(CCC2=CC=CC=C2OC#N)CC)C=C1,CCN(CCNC(=O)CC1=C(C=COC)C=C1)CCc1ccccc1OC#N,2.944,381.48,28,2,1,1,5,12,0.445,True,0.929
[C][C][=C][C][=C][Branch2][Ring1][=N][C][C][C@H1][Branch1][C][C][C][=Branch1][C][=O][N][C][=C][C][=C][C][=Branch1][Ring2][=C][Ring1][=Branch1][O][C][C][C][O][Ring1][#Branch1][C][=C][Ring2][Ring1][Branch2],41,True,CC1=CC=C(CC[C@H1](C)C(=O)NC2=CC=CC(=C2)OCCCO)C=C1,Cc1ccc(CC[C@H](C)C(=O)Nc2cccc(OCCCO)c2)cc1,3.964,341.45,25,2,2,2,3,9,0.679,True,0.951
[C][C][=C][C][=C][Branch2][Ring1][#Branch2][C@H1][Branch1][Ring1][C][#N][C][=Branch1][C][=O][N][C][=C][C][=C][C][=C][Ring1][=Branch1][N][C][C][O][C][C][Ring1][=Branch1][C][=C][Ring2][Ring1][Branch2],39,True,CC1=CC=C([C@H1](C#N)C(=O)NC2=CC=CC=C2N3CCOCC3)C=C1,Cc1ccc([C@H](C#N)C(=O)Nc2ccccc2N2CCOCC2)cc1,3.078,335.41,25,3,2,1,4,4,0.932,True,1.0
[C][C][=C][C][=C][C][Branch2][Ring1][N][N][C][=Branch1][C][=O][C][=C][C][=C][C][=C][Ring1][=Branch1][C][=Branch1][C][=O][N][C][C][=C][C][=C][C][=N][Ring1][=Branch1][=C][Ring2][Ring1][=Branch2],40,True,CC1=CC=CC(NC(=O)C2=CC=CC=C2C(=O)NCC3=CC=CC=N3)=C1,Cc1cccc(NC(=O)c2ccccc2C(=O)NCc2ccccn2)c1,3.572,345.4,26,3,3,2,3,5,0.742,True,1.0
[C][C][C][C][C][N][Branch2][Ring1][=Branch2][C][=Branch1][C][=O][C@@H1][Branch1][C][C][C][N][C][=Branch1][C][=O][C][C][=C][C][=C][C][=C][Ring1][=Branch1][C][C][Ring2][Ring1][Branch1],37,True,CCC1CCN(C(=O)[C@@H1](C)CNC(=O)CC2=CC=CC=C2C)C1,CCC1CCN(C(=O)[C@@H](C)CNC(=O)Cc2ccccc2C)C1,2.548,316.45,23,2,1,1,2,6,0.877,True,1.0
[C][C][=C][C][=C][C][Branch2][Ring1][=N][N][C][=Branch1][C][=O][C][=Branch1][C][=O][N][Branch1][=Branch2][C][=C][C][=C][C][=N][Ring1][=Branch1][C][C][C][C][C][C][Ring1][Branch1][=C][Ring2][Ring1][=Branch2],41,True,C1C=CC=CC(NC(=O)C(=O)N(C2=CC=CC=N2)CC3CCCC3)=C1,O=C(NC1=CCC=CC=C1)C(=O)N(CC1CCCC1)c1ccccn1,3.121,337.42,25,3,1,1,3,4,0.859,True,0.902
[C][C][=C][C][=C][Branch2][Ring1][S][C][=Branch1][C][=O][N][Branch1][C][C][C][=Branch1][C][=O][N][C][C][C][Branch1][O][C][=Branch1][C][=O][N][C][C][C][Ring1][C][Branch1][C][Ring1][N][C][=C][Ring2][Ring1][#Branch2],45,True,C1C=CC2=C(C(=O)N(C)C(=O)NCCC2C(=O)NCC=C)C=C1,C=CCNC(=O)C1CCNC(=O)N(C)C(=O)C2=C1C=CCC=C2,1.289,315.37,23,2,0,2,3,3,0.77,True,0.778
[C][N][C][=Branch1][C][=O][C][=N][N][=C][Branch2][Ring1][Branch2][C][N][C][=Branch1][C][=O][N][C][C@H1][C][C][C][O][Ring1][Branch1][C][=C][C][=C][C][=C][Ring1][=Branch1][S][Ring2][Ring1][=Branch1],40,True,C1NC(=O)C=NN=C(CNC(=O)NC[C@H1]2CCCO2)S1,O=C1C=NN=C(CNC(=O)NC[C@H]2CCCO2)SCN1,-0.331,299.36,20,2,0,3,6,4,0.661,True,0.725
[C][O][C][=C][C][=C][Branch2][Ring1][=N][C][=Branch1][C][=O][N][C][=Branch1][C][=O][N][C][=C][C][=C][C][=C][Ring1][=Branch1][O][C][=C][C][=C][C][=C][Ring1][=Branch1][C][=C][Ring2][Ring1][=Branch2],41,True,COC1=CC=C(C(=O)NC(=O)NC2=CC=CC=C2OC3=CC=CC=C3C)C1,COC1=CC=C(C(=O)NC(=O)Nc2ccccc2Oc2ccccc2C)C1,4.296,364.4,27,3,2,2,4,5,0.829,True,1.0
[C][C][=Branch1][C][=O][C][=C][C][=C][Branch2][Ring1][N][C][N][C][=Branch1][C][=O][C][=C][C][=C][C][Branch1][=N][C][C][N][C][C][C][C][C][Ring1][=Branch1][=O][=C][Ring1][=N][C][=C][Ring2][Ring1][#Branch1],44,True,CC(=O)C1=C2C=C(CNC(=O)C=CC=CC1CCN3CCCCC3=O)C=C2,CC(=O)C1=C2C=CC(=C2)CNC(=O)C=CC=CC1CCN1CCCCC1=O,2.629,366.46,27,3,0,1,3,4,0.832,True,0.886
[C][C][=C][C][=C][Branch2][Ring1][=N][C][N][C][=Branch1][C][=O][N][C][C][C][N][Branch1][=C][C][C][C][=C][C][=C][C][=C][Ring1][=Branch1][Ring1][C][C][Ring1][#C][C][=N][Ring2][Ring1][Branch2],41,True,C12C=CC=C(CNC(=O)NCCCN1CCC3=CC=CC#C3)C=N2,O=C1NCCCN(CCc2c#cccc2)C2C=CC=C(C=N2)CN1,1.727,322.41,24,3,1,2,3,3,0.89,True,0.854
[C][O][C][C][=C][C][=C][C][Branch2][Ring1][N][C@H1][Branch1][C][C][C][=Branch1][C][=O][N][C][C][N][Branch1][=Branch2][C][=C][C][=C][C][=C][Ring1][=Branch1][C][C][Ring1][N][=O][=C][Ring2][Ring1][#Branch1],42,True,COCC1=CC=CC([C@H1](C)C(=O)N2CCN(C3=CC=CC=C3)CC2=O)=C1,COCc1cccc([C@H](C)C(=O)N2CCN(c3ccccc3)CC2=O)c1,2.812,352.43,26,3,2,0,4,5,0.83,True,1.0
[Cl][C][=C][C][=C][Branch2][Ring1][=N][C][N][C][=Branch1][C][=O][C][C][C][C][N][Branch1][=N][C][C][C][=C][C][=C][C][=C][Ring1][=Branch1][C][C][C][Ring1][#C][C][=C][Ring2][Ring1][=Branch2],41,True,ClC=C1C=C(CNC(=O)CC2CCN(CCC3=CC=CC=C3CC)C2)C=C1,CCc1ccccc1CCN1CCC(CC(=O)NCC2=CC(=CCl)C=C2)C1,4.239,384.95,27,3,1,1,2,8,0.727,True,0.976
[C][C][=C][C][=C][C][Branch2][Ring1][#C][O][C][=Branch1][C][=O][N][C][C][C][N][Branch1][#C][C][=Branch1][C][=O][C][=C][C][=C][C][=C][Ring1][=Branch1][F][C][C][Ring1][#C][C][=C][Ring2][Ring1][Branch2],43,True,CC=C1C=CC(OC(=O)N2CCCN(C(=O)C3=CC=CC=C3F)C2C)=C1,CC=C1C=CC(OC(=O)N2CCCN(C(=O)c3ccccc3F)C2C)=C1,3.856,356.4,26,3,1,0,3,2,0.809,True,0.977
[C][C][=C][C][=C][C][Branch2][Ring1][#Branch2][C][=Branch1][C][=O][N][C@H1][Branch1][C][C][C][=C][C][=C][Branch1][#Branch1][O][C][Branch1][C][C][C][C][=C][Ring1][#Branch2][=C][Ring2][Ring1][#Branch1],38,True,C1C=CC=CC(C(=O)N[C@H1](C)C2=CC=C(OC(C)C)C=C2)=C1,CC(C)Oc1ccc([C@@H](C)NC(=O)C2=CCC=CC=C2)cc1,4.094,297.4,22,2,1,1,2,5,0.889,True,0.947
[C][C][=C][C][=C][C][Branch2][Ring1][=N][N][C][=Branch1][C][=O][C][=C][C][=C][C][Branch1][=N][C][=Branch1][C][=O][C][=C][C][=C][C][=C][Ring1][=Branch1][=C][Ring1][=C][C][=C][Ring2][Ring1][#Branch1],41,True,CC=C1C=CC(NC(=O)C2=CC=CC(C(=O)C3=CC=CC=C3)=C2C)=C1,CC=C1C=CC(NC(=O)c2cccc(C(=O)c3ccccc3)c2C)=C1,4.356,329.4,25,3,2,1,2,4,0.847,True,1.0
[C][C][C][=C][C][=C][Branch2][Ring1][S][N][C][=Branch1][C][=O][N][C][C][N][Branch1][P][C][=Branch1][C][=O][C][=C][C][=C][Branch1][C][F][C][=C][Ring1][#Branch1][C][C][C][Ring1][S][C][=C][Ring2][Ring1][=Branch2],45,True,CCC1=CC=C(NC(=O)N2CCN(C(=O)C3=CC=C(F)C=C3C)CC2)C=C1,CCc1ccc(NC(=O)N2CCN(C(=O)c3ccc(F)cc3C)CC2)cc1,3.686,369.44,27,3,2,1,2,3,0.897,True,1.0
[C][C][=C][C][=C][Branch2][Ring1][N][C][=Branch1][C][=O][N][C][C][=N][C][=C][C][=C][C][=C][Ring1][=Branch1][N][Ring1][=Branch2][C][C][C][C][C][C][C][Ring1][=Branch1][C][=C][Ring2][Ring1][=Branch2],41,True,CC=C1C=C(C(=O)NCC2=NC3=CC=CC=C3N2CC4CCCCC4)C=C1,CC=C1C=CC(C(=O)NCc2nc3ccccc3n2CC2CCCCC2)=C1,4.675,361.49,27,4,2,1,3,5,0.841,True,1.0
[C][C][=C][C][=C][Branch2][Ring1][=N][C][=Branch1][C][=O][N][C][C][C][C][C@@H1][Ring1][Branch1][O][C][C][=C][C][=C][C][=C][Ring1][=Branch1][N][C][C][O][O][Ring1][Branch1][C][=C][Ring2][Ring1][=Branch2],42,True,CC=CC1=C(C(=O)NC2CCC[C@@H1]2OCC3=CC=CC=C3N4CCOO4)C=C1,CC=CC1=C(C(=O)NC2CCC[C@@H]2OCc2ccccc2N2CCOO2)C=C1,3.366,382.46,28,4,1,1,5,7,0.733,True,1.0
[C][C][=N][C][=C][C][Branch2][Ring1][O][C][=Branch1][C][=O][N][C][=Branch1][C][=O][C][=C][C][=C][Branch1][=Branch2][C][Branch1][C][F][Branch1][C][F][F][C][=C][Ring1][#Branch2][=C][Ring2][Ring1][#Branch1],40,True,C1C=NC=CC(C(=O)NC(=O)C2=CC=C(C(F)(F)F)C=C2)=C1,O=C(NC(=O)c1ccc(C(F)(F)F)cc1)C1=CCC=NC=C1,2.876,308.26,22,2,1,1,3,2,0.854,True,0.925
[C][C][O][C][=Branch1][C][=O][C][=C][C][=C][C][Branch2][Ring1][Ring1][N][C][=Branch1][C][=O][N][C][C][=C][C][=C][C][Branch1][C][F][=C][Ring1][#Branch1][C][=C][Ring2][Ring1][C],38,True,CCOC(=O)C=C1C=CC(NC(=O)NCC2=CC=CC(F)=C2)C=C1,CCOC(=O)C=C1C=CC(NC(=O)NCc2cccc(F)c2)C=C1,2.609,330.36,24,2,1,2,3,5,0.644,True,1.0
[C][C][=C][C][=C][Branch2][Ring1][=N][C][=Branch1][C][=O][N][C][C][N][Branch1][=C][C][=Branch1][C][=O][C][NH1+1][C][C][C][C][C][Ring1][=Branch1][C][C][C][Ring1][#C][C][=N][Ring2][Ring1][Branch2],41,True,CC1=CC=C(C(=O)NC2CN(C(=O)C[NH1+1]3CCCCC3)CCC2)C=N1,Cc1ccc(C(=O)NC2CCCN(C(=O)C[NH+]3CCCCC3)C2)cn1,0.18,345.47,25,3,1,2,3,4,0.818,True,1.0
[C][C][=C][C][=C][C][Branch2][Ring1][P][C@H1][Branch1][C][C][C][=Branch1][C][=O][N][C][=C][N][Branch1][=Branch2][C][=C][C][=C][C][=C][Ring1][=Branch1][C][=Branch1][C][=O][C][Ring1][N][=S][=C][Ring2][Ring1][=Branch2],43,True,C1C=CC=CC[C@H1](C)C(=O)NC2=CN(C3=CC=CC=C3)C(=O)C2=S=C1,C[C@H]1CC=CC=CCC=S=C2C(=O)N(c3ccccc3)C=C2NC1=O,3.241,352.46,25,3,1,1,2,1,0.789,True,0.837
[C][C][=C][C][=C][Branch2][Ring1][=C][C][N][C][=Branch1][C][=O][N][C][C][=C][C][=C][C][=C][Ring1][=Branch1][C][=Branch1][C][=O][N][C][C][O][C][C][Ring1][=Branch1][C][=C][Ring2][Ring1][#Branch2],41,True,CC1=CC=C(CNC(=O)NCC2=CC=CC=C2C(=O)N3CCOCC3C)C1,CC1=CC=C(CNC(=O)NCc2ccccc2C(=O)N2CCOCC2C)C1,2.623,369.47,27,3,1,2,3,5,0.838,True,1.0
[C][C][=C][C][=C][C][Branch2][Ring1][N][C@H1][Branch1][C][C][N][C][=Branch1][C][=O][C][O][C][=C][C][=C][C][=C][Ring1][=Branch1][O][C][=C][C][=C][C][=C][Ring1][=Branch1][=C][Ring2][Ring1][=Branch2],41,True,CC=C1C=CC([C@H1](C)NC(=O)COC2=CC=CC=C2OC3=CC=CC=C3)=C1,CC=C1C=CC([C@H](C)NC(=O)COc2ccccc2Oc2ccccc2)=C1,4.805,361.44,27,3,2,1,3,7,0.77,True,1.0
[C][C][=C][C][=C][Branch2][Ring1][#C][C][=Branch1][C][=O][N][Branch1][C][C][C][=C][C][=C][C][Branch1][N][C][C][N][C][C][C][C][C][Ring1][#Branch1][=C][O][Ring1][N][C][=C][Ring2][Ring1][#Branch1],42,True,CC=C1C=C(C(=O)N(C)C=CC=C2C(CC3NCCCCC3=C)O2)C1,C=C1CCCCNC1CC1OC1=CC=CN(C)C(=O)C1=CC(=CC)C1,3.606,340.47,25,3,0,1,3,5,0.614,True,0.881
[C][C][=C][C][=C][Branch2][Ring1][#C][C@H1][Branch1][C][O][C][=Branch1][C][=O][N][C@H1][Branch1][C][C][C][=C][C][=C][C][=C][Ring1][=Branch1][C][=C][C][=C][C][=C][Ring1][=Branch1][C][=C][Ring2][Ring1][=Branch2],42,True,CC1=CC=C([C@H1](O)C(=O)N[C@H1](C)C2=CC=CC=C2C3=CC=CC=C3C)C1,CC1=CC=C([C@H](O)C(=O)N[C@H](C)c2ccccc2-c2ccccc2C)C1,4.477,347.46,26,3,2,2,2,5,0.838,True,1.0
[C][C][=C][C][=C][Branch2][Ring1][S][N][C][C][N][Branch2][Ring1][C][C][=Branch1][C][=O][C@H1][C][C][C][=C][C][=C][C][Branch1][C][F][=C][Ring1][#Branch1][C][C][Ring2][Ring1][C][C][=C][Ring2][Ring1][#Branch2],43,True,C1C=CC=C(N2CCN(C(=O)[C@H1]CCC3=CC=CC(F)=C3)CC2C)C1,CC1CN(C(=O)[CH]CCc2cccc(F)c2)CCN1C1=CC=CCC1,3.729,341.45,25,3,1,0,2,5,0.815,True,0.907
[C][C][=C][C][=C][C][Branch2][Ring1][O][N][C][=Branch1][C][=O][C][C][C][C][NH1+1][Branch1][O][C][C][C][=C][C][=C][C][=C][Ring1][=Branch1][C][C][Ring1][=N][=O][=C][Ring2][Ring1][Branch2],40,True,CC=CC=CC(NC(=O)CCC1C[NH1+1](CCC2=CC=CC=C2)CC1)=O,CC=CC=CC(=O)NC(=O)CCC1CC[NH+](CCc2ccccc2)C1,1.689,341.48,25,2,1,2,2,8,0.558,True,0.875
[C][C][=C][C][=C][Branch2][Ring1][=N][C][=Branch1][C][=O][N][Branch1][C][C][C][=Branch1][C][=O][C][=C][C][=C][N][Ring1][Branch1][C][C][C][C][C][C][Ring1][=Branch1][C][=C][Ring2][Ring1][=Branch2],40,True,C1C=CC=C(C(=O)N(C)C(=O)C2=CC=CN2C3CCCCC3C)C1,CC1CCCCC1n1cccc1C(=O)N(C)C(=O)C1=CC=CCC1,4.114,326.44,24,3,1,0,3,3,0.784,True,0.9
[C][C][=C][C][=C][Branch2][Ring1][N][C][=Branch1][C][=O][N][C@][Branch1][=Branch1][C][Branch1][Ring1][C][#N][C@@H1][Branch1][=Branch2][C][=C][C][=C][C][=C][Ring1][=Branch1][F][C][Ring1][=C][C][=C][Ring2][Ring1][Branch2],41,True,C1C=CC=C(C(=O)N[C@](CC#N)[C@@H1](C2=CC=CC=C2)F)CC=C1,N#CC[C](NC(=O)C1=CC=CCC=CC1)[C@H](F)c1ccccc1,4.092,309.36,23,2,1,1,2,5,0.833,True,0.805
[C][O][C][=C][C][=C][Branch2][Ring1][O][S][=Branch1][C][=O][=Branch1][C][=O][N][C][C][C][NH1+1][Branch1][#Branch2][C][C][=C][C][=C][C][=C][Ring1][=Branch1][C][C][Ring1][=N][C][=C][Ring2][Ring1][=Branch2],41,True,C1OC=CC=C(S(=O)(=O)NC2CC[NH1+1](CC3=CC=CC=C3)CC2)C=C1,O=S(=O)(NC1CC[NH+](Cc2ccccc2)CC1)C1=CC=COCC=C1,1.137,361.49,25,3,1,2,3,5,0.827,True,0.927
[C][O][C][=C][C][=C][Branch2][Ring1][=N][N][C][=Branch1][C][=O][N][C][C][N][Branch1][#Branch2][C][=C][C][=N][C][=C][Ring1][=Branch1][C][C][C][=N][C][C][Ring1][=Branch1][C][=C][Ring2][Ring1][=Branch2],41,True,COC1=CC=C(NC(=O)NCCN(C2=CC=NC=C2C3)CC=NCC3C)C1,COC1=CC=C(NC(=O)NCCN2CC=NCC(C)Cc3cnccc32)C1,2.268,369.47,27,3,1,2,5,5,0.835,True,1.0
[C][C][=C][C][=C][C][Branch2][Ring1][O][N][C][=Branch1][C][=O][C@H1][Branch1][C][C][N][C][=Branch1][C][=O][N][N][C][C][C][C@H1][Branch1][C][C][C][Ring1][#Branch1][=C][=C][Ring2][Ring1][#Branch1][C],41,True,CC1=CC=CC(NC(=O)[C@H1](C)NC(=O)NN2CCC[C@H1](C)C2)=C=C1C,CC1=C=C(NC(=O)[C@H](C)NC(=O)NN2CCC[C@H](C)C2)C=CC=C1C,2.382,344.46,25,2,0,3,3,4,0.686,True,1.0
[C][O][C][=C][C][=C][Branch2][Ring1][O][C][=Branch1][C][=O][N][C][=Branch1][C][=O][C][=C][C][=C][Branch1][=Branch2][O][C][C][Branch1][C][F][F][C][=C][Ring1][#Branch2][C][=C][Ring2][Ring1][=Branch1],40,True,COC=CC=C(C(=O)NC(=O)C1=CC=C(OCC(F)F)C1)C=C,C=CC(=CC=COC)C(=O)NC(=O)C1=CC=C(OCC(F)F)C1,2.397,325.31,23,1,0,1,4,8,0.423,True,0.875
[C][O][C][=C][C][=C][Branch2][Ring1][=N][C][N][C][=Branch1][C][=S][C][C][C][Branch1][C][C][C][Branch1][#Branch2][C][=C][C][=C][C][=C][Ring1][=Branch1][C][C][Ring1][=N][C][=C][Ring2][Ring1][#Branch1],41,True,COC1=CC=C(CNC(=S)C2CC(C)C(C3=CC=CC=C3C)C2C)C1,COC1=CC=C(CNC(=S)C2CC(C)C(c3ccccc3C)C2C)C1,5.148,355.55,25,3,1,1,2,5,0.738,False,1.0
[C][O][C][=Branch1][C][=O][C][=C][C][=C][C][Branch2][Ring1][Branch2][O][C][=Branch1][C][=O][N][C][C][C][Branch1][=Branch2][C][Branch1][C][C][Branch1][C][C][C][C][C][Ring1][#Branch2][=C][Ring2][Ring1][Ring1],41,True,COC(=O)C1=CC=CC(OC(=O)N2CCC(C(C)(C)C)CC2)=C1,COC(=O)c1cccc(OC(=O)N2CCC(C(C)(C)C)CC2)c1,3.73,319.4,23,2,1,0,4,2,0.779,True,1.0
[C][C][=C][C][=C][Branch2][Ring1][=C][C][C@@H1][Branch1][C][C][C][=Branch1][C][=O][N][C][C][NH1+1][Branch1][#Branch2][C][C][=C][C][=C][C][=C][Ring1][=Branch1][C][C][Ring1][N][C][=C][Ring2][Ring1][Branch2],41,True,CC1=CC=C(C[C@@H1](C)C(=O)NC2C[NH1+1](CC3=CC=CC=C3)CC2C)C1,CC1=CC=C(C[C@@H](C)C(=O)NC2C[NH+](Cc3ccccc3)CC2C)C1,2.509,339.5,25,3,1,2,1,6,0.82,True,1.0
[C][C][O][C][=C][C][Branch2][Ring1][Branch1][C][N][C][=Branch1][C][=O][C][O][C][=C][C][=C][C][=C][Ring1][=Branch1][=N][C][Branch1][C][Cl][=C][Ring2][Ring1][Ring2][C][=Ring2][Ring1][#Branch1],38,True,C=1COC=CC(CNC(=O)COC2=CC=CC=C2NCCl)=CC=1,O=C(COc1ccccc1NCCl)NCC1=CC=CCOC=C1,2.816,334.8,23,2,1,2,4,7,0.594,True,0.763
[C][C][Branch1][C][C][C][C][=Branch1][C][=O][N][C][C][N][Branch2][Ring1][Ring2][C][C][=Branch1][C][=O][N][C][C][C][=C][C][=C][Branch1][C][F][C][=C][Ring1][#Branch1][C][C][Ring2][Ring1][C],41,True,CC(C)CC(=O)NC1CN(CC(=O)NCCC2=CC=C(F)C=C2)CC1,CC(C)CC(=O)NC1CCN(CC(=O)NCCc2ccc(F)cc2)C1,1.721,349.45,25,2,1,2,3,8,0.751,True,1.0
[C][C][=C][C][=C][C][Branch2][Ring1][N][C@@H1][Branch1][C][C][N][C][=Branch1][C][=O][N][C][C][C][O][C][=C][Branch1][C][F][C][Branch1][C][F][=C][Ring1][Branch2][Branch1][=C][Ring2][Ring1][#Branch1],40,True,C1C=CC=CC([C@@H1](C)NC(=O)NCCC2OC=C(F)C(F)=C2)=C1,C[C@@H](NC(=O)NCCC1C=C(F)C(F)=CO1)C1=CCC=CC=C1,3.57,322.36,23,2,0,2,2,5,0.813,True,0.9
[C][C][=Branch1][C][=O][N][C][=C][C][=C][Branch2][Ring1][=Branch2][C][=Branch1][C][=O][N][C][C][N][Branch1][#Branch2][C][=C][C][=C][C][=C][Ring1][=Branch1][C][C][C][Ring1][N][C][=C][Ring2][Ring1][=Branch1],41,True,CC(=O)N1C=CC=C(C(=O)NC2CN(C3=CC=CC=C3C)CC2C)C1,CC(=O)N1C=CC=C(C(=O)NC2CN(c3ccccc3C)CC2C)C1,2.238,339.44,25,3,1,1,3,3,0.919,True,1.0
[C][#C][C][=C][C][=C][Branch2][Ring1][#C][C][=N][C][Branch2][Ring1][Ring1][N][C][=Branch1][C][=O][C][O][C][=C][C][=C][Branch1][C][C][C][=N][Ring1][#Branch1][=N][NH1][Ring2][Ring1][C][C][=C][Ring2][Ring1][Branch2],43,True,C1#CC=CC=C(C=NC(NC(=O)COC2=CC=C(C)C=N2)=N[NH1])C1,Cc1ccc(OCC(=O)NC(N=CC2=CC=CC#CC2)=N[NH])nc1,1.399,322.35,24,2,1,1,4,4,0.392,True,0.837
[C][C][O][C][=C][C][=C][Branch2][Ring1][#Branch2][C][=Branch1][C][=O][N][C][C][=Branch1][C][=S][N][Branch1][#Branch2][C][=C][C][=C][C][=C][Ring1][=Branch1][C][C][Ring1][N][C][=C][Ring2][Ring1][=Branch1],40,True,CCOC=CC=C(C(=O)NC1C(=S)N(C2=CC=CC=C2C)C1)C=C,C=CC(=CC=COCC)C(=O)NC1CN(c2ccccc2C)C1=S,3.29,342.46,24,2,1,1,3,7,0.357,True,0.85
[C][C][=C][C][=C][Branch2][Ring1][=N][O][N][Branch1][C][N][C][=Branch1][C][=O][C][=C][C][=C][Branch1][#Branch2][O][C][=C][C][=C][N][=N][Ring1][=Branch1][C][=C][Ring1][=N][C][=C][Ring2][Ring1][#Branch1],41,True,CC=C1C=C(ON(N)C(=O)C2=CC=C(OC3=CC=CN=N3)C=C2)C=C1,CC=C1C=CC(ON(N)C(=O)c2ccc(Oc3cccnn3)cc2)=C1,2.916,336.35,25,3,2,1,6,5,0.513,True,1.0
[C][O][C][=C][C][=C][Branch2][Ring1][=C][C][N][C][=Branch1][C][=O][C][=N][C][=C][C][=C][C][=C][Ring1][=Branch1][N][Ring1][=Branch2][C][C][C][C][C][C][Ring1][=Branch1][C][=C][Ring2][Ring1][=Branch2],41,True,C1OC=CC=C1CNC(=O)C2=NC3=CC=CC=C3N2C4CCCCC4C=C,C=CC1CCCCC1n1c(C(=O)NCC2=CC=COC2)nc2ccccc21,4.154,363.46,27,4,2,1,4,5,0.812,True,0.976
[C][O][C][=C][C][=C][Branch2][Ring1][N][C][=Branch1][C][=O][N][C][C][C][N][Branch1][=N][C][=Branch1][C][=O][C][C][NH1+1][S][Ring1][Ring1][Branch1][=O][C][Ring1][=N][C][=C][Ring2][Ring1][#Branch1],40,True,C12OC=CC=C(C(=O)NCCCN1C(=O)CC3[NH1+1]S3C)C2,C[SH]1[NH+]C1CC(=O)N1CCCNC(=O)C2=CC=COC1C2,-0.854,311.41,21,3,0,3,4,2,0.459,True,0.775
[C][C][=C][C][=C][Branch2][Ring1][=N][C][=Branch1][C][=O][N][C][=Branch1][C][=O][C][=C][C][=C][Branch1][#Branch2][O][C][=N][C][=C][C][=C][Ring1][=Branch1][N][=C][Ring1][=N][Cl][C][=C][Ring2][Ring1][=Branch2],42,True,CC=CC=C(C(=O)NC(=O)C1=CC=C(OC2=NC=CC=C2)N=C1)Cl,CC=CC=C(Cl)C(=O)NC(=O)c1ccc(Oc2ccccn2)nc1,3.224,343.77,24,2,2,1,5,5,0.666,True,0.857
[C][O][C][=C][C][=C][Branch2][Ring1][O][C][=Branch1][C][=O][N][C][C][C][N][Branch1][=N][C][=Branch1][C][=O][C][C][C][Branch1][C][C][C][C][C][Ring1][=N][C][=C][Ring2][Ring1][=Branch1],40,True,COC1=CC=C(C(=O)NC2CCN(C(=O)CCC(C)CC)C2)C=C1,CCC(C)CCC(=O)N1CCC(NC(=O)c2ccc(OC)cc2)C1,2.852,332.44,24,2,1,1,3,7,0.835,True,0.975
[C][C][C][=C][C][=C][Branch2][Ring1][N][C][N][C][=Branch1][C][=O][C][=Branch1][C][=S][N][C][C][=Branch1][C][=O][N][C][C][C][Ring1][C][C][C][C][Ring1][#Branch1][C][=C][Ring2][Ring1][Branch1],41,True,CCC=CC1=C(CNC(=O)C(=S)NCC(=O)N2CC=CCCC2)C=C1,CCC=CC1=C(CNC(=O)C(=S)NCC(=O)N2CC=CCCC2)C=C1,2.031,359.5,25,2,0,2,3,6,0.563,True,0.951
[C][C][C][C][=C][C][=C][Branch2][Ring1][O][C][N][C][=Branch1][C][=O][C@@H1][Branch1][C][C][C][N][Branch1][#Branch2][C][=C][C][=C][C][=C][Ring1][=Branch1][C][C][Ring1][N][C][=C][Ring2][Ring1][Branch2],41,True,CC1CC=CC=C(CNC(=O)[C@@H1](C)CN(C2=CC=CC=C2C)C)C=C1,Cc1ccccc1N(C)C[C@H](C)C(=O)NCC1=CC=CCC(C)C=C1,4.262,338.5,25,2,1,1,2,6,0.84,True,0.902
[C][N][Branch1][C][C][C][=C][C][=C][C][Branch2][Ring1][#Branch2][C][=Branch1][C][=O][N][C][C][N][Branch1][#Branch2][C][C][=N][C][=C][C][=C][Ring1][=Branch1][C][C][C][Ring1][=N][=NH1+1][Ring2][Ring1][Branch1],41,True,C1N(C)C=CC=CC1C(=O)NC2CN(CC3=NC=CC=C3)CCC2=[NH1+1],CN1C=CC=CC(C(=O)NC2CN(Cc3ccccn3)CCC2=[NH+])C1,-0.61,339.44,25,3,1,2,5,4,0.768,True,0.951
[C][C][=C][C][=C][Branch2][Ring1][=N][C][=Branch1][C][=O][N][C][C][N][Branch1][S][C][C][=N][C][=C][C][=C][C][=C][Ring1][=C][Ring1][=Branch2][C][C][Ring1][=C][C][=C][Ring2][Ring1][#Branch1],40,True,C12C=CC=C(C(=O)NCCN1C3C=NC=CC=CC=C3)C2,O=C1NCCN(C2C=CC=CC=CN=C2)C2C=CC=C1C2,1.752,281.36,21,3,0,1,3,1,0.796,True,0.75
[C][C][=C][C][=C][C][Branch2][Ring1][=N][C@H1][Branch1][C][C][N][C][=Branch1][C][=O][N][C][C][N][Branch1][#Branch2][C][=Branch1][C][=O][C][C][C][Ring1][Ring1][C][C][Ring1][N][=C][Ring2][Ring1][=Branch1],41,True,CC1=CC=CC([C@H1](C)NC(=O)NCCN(C(=O)C2CC2)CC)=C1,CCN(CCNC(=O)N[C@@H](C)c1cccc(C)c1)C(=O)C1CC1,2.614,317.43,23,2,1,2,2,7,0.812,True,0.927
[C][C][=C][C][=C][Branch2][Ring1][O][C@@H1][Branch1][C][C][N][C][=Branch1][C][=O][C][=C][C][=C][C][=C][Ring1][=Branch1][O][C][=C][C][=C][C][=C][Ring1][=Branch1][C][=N][Ring2][Ring1][Branch2],39,True,CC1=CC=C([C@@H1](C)NC(=O)C2=CC=CC=C2OC3=CC=CC=C3)C=N1,Cc1ccc([C@@H](C)NC(=O)c2ccccc2Oc2ccccc2)cn1,4.673,332.4,25,3,3,1,3,5,0.738,True,1.0
[C][C][N][N][Branch1][C][C][C][=N][Ring1][=Branch1][C][=Branch1][C][=O][N][C][C][C@H1][Branch1][=Branch2][C][Branch1][C][F][Branch1][C][F][F][C][Ring1][#Branch2],32,True,CC1NN(C)C=N1,CC1N=CN(C)N1,-0.189,99.14,7,1,0,1,3,0,0.456,True,0.344
[C][C][=C][C][=C][Branch2][Ring1][#C][C][=Branch1][C][=O][N][C][C][=Branch1][C][=O][N][C][C@H1][Branch1][N][C][=C][C][=N][C][Branch1][C][Cl][=C][Ring1][#Branch1][C][C][Ring1][=N][C][=C][Ring2][Ring1][#Branch1],43,True,CC=C1C=C(C(=O)NCC(=O)NC[C@H1](C2=CC=NC(Cl)=C2)CC)C=C1,CC=C1C=CC(C(=O)NCC(=O)NC[C@@H](CC)c2ccnc(Cl)c2)=C1,2.904,359.86,25,2,1,2,3,7,0.735,True,0.953
[C][C][=C][C][=C][Branch2][Ring1][Branch2][C][=Branch1][C][=O][N][C][C][C][C@@H1][Branch1][#Branch2][C][C][=C][C][=C][C][=C][Ring1][=Branch1][C][Ring1][N][C][=C][Ring2][Ring1][Ring2],36,True,CC=C1C=C(C(=O)NC2CC[C@@H1](CC3=CC=CC=C3)C2)C=C1,CC=C1C=CC(C(=O)NC2CC[C@@H](Cc3ccccc3)C2)=C1,3.957,293.41,22,3,1,1,1,4,0.894,True,1.0
[C][C][=C][C][=C][Branch2][Ring1][=C][C][=Branch1][C][=O][C@H1][N][C][=Branch1][C][=O][C][Branch1][=Branch2][C][=C][C][=C][C][=C][Ring1][=Branch1][C][=C][C][=C][C][=C][Ring1][=Branch1][C][=C][Ring2][Ring1][=Branch2],42,True,CC1=CC=C(C(=O)[C@H1]NC(=O)C(C2=CC=CC=C2)C3=CC=CC=C3)C=C1,Cc1ccc(C(=O)[CH]NC(=O)C(c2ccccc2)c2ccccc2)cc1,4.288,342.42,26,3,3,1,2,6,0.679,True,1.0
[C][O][C][=C][C][=C][Branch2][Ring1][O][C][=Branch1][C][=O][N][C][C][C][NH1+1][Branch1][=Branch1][C][Branch1][C][C][C][C][C][Branch1][C][C][C][C][C][Ring1][#Branch2][C][=C][Ring2][Ring1][=Branch1][F],41,True,COC1=CC=C(C(=O)NCCC[NH1+1](C(C)C)CC(C)CCC)C=C1F,CCCC(C)C[NH+](CCCNC(=O)c1ccc(OC)c(F)c1)C(C)C,2.684,353.5,25,1,1,2,2,11,0.601,True,0.976
[C][C][=C][C][=C][Branch2][Ring1][=N][C][=Branch1][C][=O][N][C][C][N][Branch1][#C][C][=Branch1][C][=O][C][C][=C][C][=C][C][=C][Ring1][=Branch1][F][C][C][Ring1][C][C][=C][Ring2][Ring1][Branch2],41,True,CC1=CC=C(C(=O)NCCN(C(=O)CC2=CC=CC=C2F)C=C)C=C1,C=CN(CCNC(=O)c1ccc(C)cc1)C(=O)Cc1ccccc1F,3.079,340.4,25,2,2,1,2,7,0.842,True,0.927
[C][C][=C][C][=C][Branch2][Ring1][=N][C][=Branch1][C][=O][N][C][C][C][N][Branch1][=N][C][=Branch1][C][=O][C][C@@H1][C][C][C][O][Ring1][Branch1][C][C][Ring1][=C][C][=C][Ring2][Ring1][#Branch1],40,True,CC1=CC=C(C(=O)NC2CCN(C(=O)C[C@@H1]3CCCO3)CC2C)C1,CC1=CC=C(C(=O)NC2CCN(C(=O)C[C@@H]3CCCO3)CC2C)C1,2.185,332.44,24,3,0,1,3,4,0.858,True,1.0
[C][C][=C][C][=C][Branch2][Ring1][#Branch2][C][=Branch1][C][=O][N][Branch1][#Branch2][C][C][=C][C][=C][C][=C][Ring1][=Branch1][C][C][C][C][=Branch1][C][=O][N][Ring1][S][C][=C][Ring2][Ring1][#Branch1][C],40,True,C1C=CC=C(C(=O)N(CC2=CC=CC=C2)CCCC(=O)N)C=C1C,CC1=CC(C(=O)N(CCCC(N)=O)Cc2ccccc2)=CC=CC1,3.113,324.42,24,2,1,1,2,7,0.837,True,0.95
[C][C][O][C][=C][C][=C][Branch2][Ring1][#Branch2][C][=Branch1][C][=O][N][C][C][C@@H1][Branch1][=N][C][N][C][=Branch1][C][=O][C][C][C][C][Ring1][Ring1][C][C][Ring1][=N][C][=N][Ring2][Ring1][=Branch1],41,True,CCOC1=CC=C(C(=O)NC2C[C@@H1](CNC(=O)CC3CC3)CC2)C=N1,CCOc1ccc(C(=O)NC2CC[C@H](CNC(=O)CC3CC3)C2)cn1,2.295,345.44,25,3,1,2,4,8,0.757,True,1.0
[C][O][C][=C][C][=C][Branch2][Ring1][=N][C][=Branch1][C][=O][N][C][C][C][C][Branch1][=N][C][C][=Branch1][C][=O][N][C][C][C][C][Ring1][Branch1][C][C][Ring1][=N][C][=C][Ring2][Ring1][=Branch1],41,True,COC=C1C=C(C(=O)NCC2CC(CC(=O)N3CCCC3)CC2C)C1,COC=C1C=C(C(=O)NCC2CC(CC(=O)N3CCCC3)CC2C)C1,2.638,346.47,25,3,0,1,3,6,0.752,True,1.0
[C][C][O][C][=C][C][=C][Branch2][Ring1][#Branch2][C][N][C][=Branch1][C][=O][C][C][S][C][=N][C][Branch1][=Branch2][C][=C][C][=C][C][=C][Ring1][=Branch1][=N][Ring1][#Branch2][C][=C][Ring2][Ring1][Branch2],40,True,CCOC=CC=C(CNC(=O)CCSC1=NC(C2=CC=CC=C2)=N1)C=C,C=CC(=CC=COCC)CNC(=O)CCSC1=NC(c2ccccc2)=N1,3.705,369.49,26,2,1,1,5,10,0.505,True,0.9
[C][C][=C][C][=C][Branch2][Ring1][=N][C][=Branch1][C][=O][N][C][C][C][NH1+1][Branch1][S][C][C][C@H1][C][=C][C][=C][C][=C][Ring1][=Branch1][Ring1][C][C][C][Ring1][#C][C][=C][Ring2][Ring1][Branch2],41,True,C12C=CC=C(C(=O)NCCC[NH1+1]1CC[C@H1]C3=CC=CC#C3)C=C2,O=C1NCCC[NH+](CC[CH]c2c#cccc2)C2C=CC=C1C=C2,1.055,306.41,23,3,1,2,1,4,0.857,True,0.78
[C][C][=C][C][=C][C][Branch2][Ring1][N][N][C][=Branch1][C][=O][C][N][Branch1][S][C][C][=Branch1][C][=O][C][=C][C][=C][C][=C][Ring1][=Branch1][Cl][C][C][Ring1][Ring1][=C][=N][Ring2][Ring1][Branch2],41,True,C1C=CC=CC(NC(=O)CN(CC(=O)C2=CC=CC=C2Cl)C)=C=N1,CN(CC(=O)NC1=C=NCC=CC=C1)CC(=O)c1ccccc1Cl,2.25,343.81,24,2,1,1,4,6,0.806,True,0.829
[C][C][Branch1][C][C][C][C][N][C][C][N][Branch2][Ring1][#Branch1][C][=Branch1][C][=O][C][=C][C][=C][Branch1][=Branch2][S][C][C][Branch1][C][C][=O][C][=C][Ring1][#Branch2][C][C][Ring2][Ring1][Ring2],40,True,CC(C)C1CNCCN(C(=O)C2=CC=C(SCC(C)=O)C2C)C1,CC(=O)CSC1=CC=C(C(=O)N2CCNCC(C(C)C)C2)C1C,2.473,336.5,23,2,0,1,4,5,0.838,True,0.95
[C][C][=C][C][=C][Branch2][Ring1][=N][C][=Branch1][C][=O][N][C][C][C][C@@H1][Branch1][#C][C][N][C][=Branch1][C][=O][C][Branch1][C][C][Branch1][C][C][C][C][Ring1][=C][C][=C][Ring2][Ring1][=Branch1],41,True,CC1=CC=C(C(=O)N2CCC[C@@H1](CNC(=O)C(C)(C)C)C2)C=C1,Cc1ccc(C(=O)N2CCC[C@@H](CNC(=O)C(C)(C)C)C2)cc1,3.01,316.45,23,2,1,1,2,3,0.932,True,1.0
[C][C][C][=C][C][=C][Branch2][Ring1][O][N][C][=Branch1][C][=O][C][=Branch1][C][=O][N][C@H1][C][C][C][C@@H1][Ring1][Branch1][C][=C][C][=C][C][=C][Ring1][=Branch1][C][=C][Ring2][Ring1][#Branch1],39,True,CCC1=CC=C(NC(=O)C(=O)N[C@H1]2CCC[C@@H1]2C3=CC=CC=C3C)C1,CCC1=CC=C(NC(=O)C(=O)N[C@H]2CCC[C@@H]2c2ccccc2C)C1,3.488,338.45,25,3,1,2,2,4,0.826,True,1.0
[C][C][=C][C][=C][Branch2][Ring1][=N][C][=Branch1][C][=O][N][C@@H1][C][C@@H1][Branch1][#Branch2][C][=C][C][=C][N][=C][Ring1][=Branch1][C][O][C][C][C][C][C][O][Ring1][Branch1][C][=C][Ring2][Ring1][=Branch2],41,True,CC=C1C=C(C(=O)N[C@@H1]C[C@@H1](C2=CC=CN=C2C)OCC3CCCO3)C=C1,CC=C1C=CC(C(=O)N[CH]C[C@H](OCC2CCCO2)c2cccnc2C)=C1,3.737,367.47,27,3,1,1,4,8,0.76,True,1.0
[C][C][=C][C][=C][Branch2][Ring1][=N][C][=Branch1][C][=O][N][N][C][=Branch1][C][=O][C@@H1][Branch1][C][C][C][=C][C][=C][C][=C][Ring1][=Branch1][C][C][C][C][C][Branch1][C][=C][Ring2][Ring1][=Branch2],41,True,C1C=CC=C1C(=O)NNC(=O)[C@@H1](C)C2=CC=CC=C2CCCCCC,CCCCCCc1ccccc1[C@H](C)C(=O)NNC(=O)C1=CC=CC1,3.947,340.47,25,2,1,2,2,8,0.556,True,0.854
[C][C][=C][C][=C][Branch2][Ring1][=N][N][C][=Branch1][C][=O][C@H1][Branch1][C][C][C][=Branch1][C][=O][N][Branch1][C][C][C][=C][C][=C][Branch1][C][Br][C][=C][Ring1][#Branch1][C][=C][Ring2][Ring1][#Branch1],41,True,C1C=CC=C(NC(=O)[C@H1](C)C(=O)N(C)C2=CC=C(Br)C=C2)C=C1,C[C@@H](C(=O)NC1=CC=CCC=C1)C(=O)N(C)c1ccc(Br)cc1,3.564,375.27,23,2,1,1,2,4,0.819,True,0.902
[C][O][C][=C][C][=C][Branch2][Ring1][N][O][C][C][=Branch1][C][=O][N][C][C][C][NH1+1][NH1+1][Branch1][O][C][C][=C][C][=C][C][=C][Ring1][=Branch1][C][C][Ring1][=N][C][=C][Ring2][Ring1][#Branch1][O][C],43,True,COC=CC1=C(OCC(=O)NCC2C[NH1+1][NH1+1](CC3=CC=CC=C3C)C2)C=C1OC,COC=CC1=C(OCC(=O)NCC2C[NH+][NH+](Cc3ccccc3C)C2)C=C1OC,-0.635,400.5,29,3,1,3,5,10,0.457,True,1.0
[C][C][=C][C][=C][Branch2][Ring1][#Branch2][C][C][=Branch1][C][=O][N][C][C][C][N][Branch1][#Branch2][C][NH1+1][C][C][C][C][Ring1][Branch1][C][C][Ring1][N][C][=Ring2][Ring1][Ring2][C][=C][Ring2][Ring1][=Branch2],41,True,C1C=CC=C1CC(=O)NC2CCN(C[NH1+1]3CCCC3C)C2C,CC1C(NC(=O)CC2=CC=CC2)CCN1C[NH+]1CCCC1C,0.867,304.46,22,3,0,2,2,5,0.791,True,0.78
[C][C][=C][C][=C][Branch2][Ring1][#C][C][N][C][=Branch1][C][=O][N][C@H1][C][C][C][C@H1][Branch1][=N][C][=Branch1][C][=O][N][C][Branch1][C][C][Branch1][C][C][C][C][Ring1][=N][C][=C][Ring2][Ring1][#Branch1],43,True,CC=C1C=C(CNC(=O)N[C@H1]2CCC[C@H1](C(=O)NC(C)C)CC2)C=C1,CC=C1C=CC(CNC(=O)N[C@H]2CCC[C@H](C(=O)NC(C)C)CC2)=C1,3.202,345.49,25,2,0,3,2,5,0.67,True,0.953
[C][C][O][C][=C][C][=C][Branch2][Ring1][=Branch2][C][C][N][C][=Branch1][C][=O][C][=C][C][=C][C][Branch1][=Branch2][C][Branch1][C][F][Branch1][C][F][F][=C][Ring1][#Branch2][C][=C][Ring2][Ring1][=Branch1],40,True,CCOC=CC=C(CCNC(=O)C1=CC=CC(C(F)(F)F)=C1)C=C,C=CC(=CC=COCC)CCNC(=O)c1cccc(C(F)(F)F)c1,4.488,339.36,24,1,1,1,2,8,0.56,True,0.9
[C][C][=C][C][=C][Branch2][Ring1][=N][C][C][=Branch1][C][=O][N][C][C][C@H1][Branch1][#C][C][#N][C][=Branch1][C][=O][N][Branch1][C][Branch1][C][C][C][C][C][Ring1][S][C][=C][Ring2][Ring1][Branch2],41,True,C12C=CC=C(CC(=O)NCC[C@H1](C#N)C1)C=C2,N#C[C@H]1CCNC(=O)CC2=CC=CC(C=C2)C1,2.095,228.29,17,2,0,1,2,0,0.69,True,0.61
[C][C][=C][C][=C][Branch2][Ring1][N][C][N][C][=Branch1][C][=O][C@@H1][C][C][=Branch1][C][=O][N][Branch1][C][C][C][=C][C][=C][C][=C][Ring1][=Branch1][Cl][C][=Ring2][Ring1][Ring2][C][=C][Ring2][Ring1][=Branch2],42,True,CC1=CC=C1CNC(=O)[C@@H1]CC(=O)N(C)C2=CC=CC=C2Cl,CC1=CC=C1CNC(=O)[CH]CC(=O)N(C)c1ccccc1Cl,2.9,317.8,22,2,1,1,2,6,0.877,True,0.762
[C][C][=C][C][=C][C][Branch2][Ring1][=N][C][=Branch1][C][=O][N][C][C][C][C@@H1][Branch1][=C][C][=Branch1][C][=O][N][C][=C][C][=C][C][=C][Ring1][=Branch1][C][Ring1][=N][=N][O][Ring2][Ring1][Branch2],41,True,CC1=CC=CC(C(=O)NCC2C[C@@H1](C(=O)NC3=CC=CC=C3)C2=N)O1,CC1=CC=CC(C(=O)NCC2C[C@@H](C(=O)Nc3ccccc3)C2=N)O1,2.256,339.4,25,3,1,3,4,5,0.768,True,1.0
[C][C][=C][C][=C][C][Branch2][Ring1][=N][C@H1][Branch1][C][C][N][C][=Branch1][C][=O][C][N][C][=Branch1][/C][=C][C][C][C][=C][C][=C][C][=C][Ring1][=Branch1][NH1][Ring1][#Branch2][=C][Ring2][Ring1][#Branch1],41,True,CC=C1C=CC([C@H1](C)NC(=O)CNC(=C2)CCC3=CC=CC=C3[NH1]2)=C1,CC=C1C=CC([C@H](C)NC(=O)CNC2=CNc3ccccc3CC2)=C1,3.423,335.45,25,3,1,3,3,5,0.773,True,0.951
[C][O][C][=C][C][=C][Branch2][Ring1][#C][N][C][=Branch1][C][=O][N][C][C][C][N][Branch1][=N][C][=Branch1][C][=O][N][C][Branch1][C][C][C][C][C][Ring1][Ring1][C][Ring2][Ring1][=N][=O][C][=C][Ring2][Ring1][Branch2],45,True,COC=CC=C(NC(=O)NCC1CN1C(=O)NC(C)CCC)OC=C,C=COC(=CC=COC)NC(=O)NCC1CN1C(=O)NC(C)CCC,2.03,352.44,25,1,0,3,4,10,0.319,True,0.778
[C][C][=C][C][=C][C][Branch2][Ring1][Branch2][N][C][=Branch1][C][=O][C][C][Branch1][=C][N][Branch1][=Branch2][C][=C][C][=C][N][=C][Ring1][=Branch1][C][=Ring1][O][C][=Ring2][Ring1][Ring2][=N][NH1][Ring2][Ring1][#Branch2],41,True,C=12C=CC=CC(NC(=O)CCN(C3=CC=CN=C3)C)C=1N[NH1]2,CN(CCC(=O)NC1C=CC=Cc2[nH][nH]c21)c1cccnc1,2.005,297.36,22,3,2,3,3,5,0.79,True,0.805
[C][C][Branch1][C][C][C][C][C][N][Branch2][Ring1][#Branch2][C][N][C][=Branch1][C][=O][C][=C][C][=C][Branch1][=Branch2][C][=Branch1][C][=O][N][Branch1][C][C][C][S][Ring1][#Branch2][C][C][Ring2][Ring1][Ring2],41,True,CC(C)C1CCN(CNC(=O)C2=CC=C(C(=O)NC)CS2C)C1,CNC(=O)C1=CC=C(C(=O)NCN2CCC(C(C)C)C2)[SH](C)C1,1.239,339.51,23,2,0,3,3,5,0.661,True,1.0
[C][#C][C][=C][C][=C][Branch2][Ring1][#Branch2][C][=Branch1][C][=O][N][C][C][C][NH1+1][Branch1][O][C][C][C][=C][C][=C][C][=C][Ring1][=Branch1][C][C][Ring1][=N][C][=C][Ring2][Ring1][#Branch1],39,True,C#CC1=CC=C(C(=O)NCC2C[NH1+1](CCC3=CC=CC=C3)CC2)C=C1,C#Cc1ccc(C(=O)NCC2CC[NH+](CCc3ccccc3)C2)cc1,1.545,333.46,25,3,2,2,1,6,0.773,True,1.0
[C][C][=C][C][=C][Branch2][Ring1][=N][C][=Branch1][C][=O][O][C][=C][Branch1][C][F][C][=C][C][=C][Ring1][#Branch1][C][=Branch1][C][=O][C][N][C][=C][C][=C][Ring1][=Branch1][C][=C][Ring2][Ring1][Branch2],41,True,CC1=CC=C(C(=O)OC2=C(F)C=CC=C2C(=O)C3NC=CC=C3)C=C1,Cc1ccc(C(=O)Oc2c(F)cccc2C(=O)C2C=CC=CN2)cc1,3.578,337.35,25,3,2,1,4,4,0.526,True,1.0
